Location,Strand,Length,PID,start,end
248..1453,+,401,15789341,248,1453
1450..2115,+,221,15789342,1450,2115
2145..3254,+,369,15789343,2145,3254
3322..5643,+,773,15789344,3322,5643
5646..7451,-,601,15789345,5646,7451
7454..8641,-,395,15789346,7454,8641
8655..9860,-,401,15789347,8655,9860
9980..11413,+,477,15789348,9980,11413
11478..12614,-,378,15789349,11478,12614
12978..13187,+,69,15789350,12978,13187
13462..13644,-,60,15789351,13462,13644
13809..14180,-,123,15789352,13809,14180
14484..14780,+,98,15789353,14484,14780
14868..15131,+,87,15789354,14868,15131
15310..15408,+,32,15789355,15310,15408
15419..16051,-,210,15789356,15419,16051
16342..17706,+,454,15789357,16342,17706
18357..18902,+,181,15789358,18357,18902
18895..19530,+,211,15789359,18895,19530
19703..20023,-,106,15789360,19703,20023
20219..20482,-,87,15789361,20219,20482
20533..21456,-,307,15789362,20533,21456
22103..22750,-,215,15789363,22103,22750
23336..23890,+,184,15789364,23336,23890
24109..24564,-,151,15789365,24109,24564
26201..26596,+,131,15789366,26201,26596
26648..29008,+,786,15789367,26648,29008
29046..29429,+,127,15789368,29046,29429
29476..29913,-,145,15789369,29476,29913
29913..30014,-,33,15789370,29913,30014
30356..31168,-,270,15789371,30356,31168
31838..32086,+,82,15789372,31838,32086
32101..32355,+,84,15789373,32101,32355
32555..32890,-,111,15789374,32555,32890
33182..33628,-,148,15789375,33182,33628
33610..33915,-,101,15789376,33610,33915
34651..35931,-,426,15789377,34651,35931
36321..36713,+,130,15789378,36321,36713
36715..37971,+,418,15789379,36715,37971
38017..39432,+,471,15789380,38017,39432
39611..40903,-,430,15789381,39611,40903
40991..41719,+,242,16554457,40991,41719
41880..42659,+,259,15789383,41880,42659
42707..44149,+,480,15789384,42707,44149
44245..45456,-,403,15789385,44245,45456
47199..48473,-,424,15789386,47199,48473
48767..49222,+,151,15789387,48767,49222
49352..49972,-,206,15789388,49352,49972
49985..50251,+,88,15789389,49985,50251
50564..51970,-,468,15789390,50564,51970
53192..54367,+,391,15789391,53192,54367
54696..55745,-,349,15789392,54696,55745
56287..57561,+,424,15789393,56287,57561
57660..58661,-,333,15789394,57660,58661
58827..60182,+,451,15789395,58827,60182
60609..61625,-,338,15789396,60609,61625
61700..62686,-,328,15789397,61700,62686
62927..63643,+,238,15789398,62927,63643
63881..64810,+,309,15789399,63881,64810
64976..65206,+,76,15789400,64976,65206
65203..65472,+,89,15789401,65203,65472
65671..65832,+,53,15789402,65671,65832
66054..66251,+,65,15789403,66054,66251
66241..66534,+,97,15789404,66241,66534
67057..67491,-,144,15789405,67057,67491
67908..68204,+,98,15789406,67908,68204
68290..68514,+,74,15789407,68290,68514
69300..69419,-,39,15789408,69300,69419
69967..70749,+,260,15789409,69967,70749
71127..71342,-,71,15789410,71127,71342
71317..71748,+,143,15789411,71317,71748
71811..72704,+,297,15789412,71811,72704
72708..73544,-,278,15789413,72708,73544
73639..74742,+,367,15789414,73639,74742
74752..76647,-,631,16554458,74752,76647
76644..77867,-,407,15789416,76644,77867
77923..78660,-,245,15789417,77923,78660
78683..79597,-,304,15789418,78683,79597
79662..80327,-,221,15789419,79662,80327
80387..81328,-,313,15789420,80387,81328
81452..82459,+,335,15789421,81452,82459
82540..82926,+,128,15789422,82540,82926
82932..83789,-,285,15789423,82932,83789
83885..84415,-,176,15789424,83885,84415
84617..84841,-,74,15789425,84617,84841
84927..85583,-,218,15789426,84927,85583
85640..86611,-,323,15789427,85640,86611
86734..87219,-,161,15789428,86734,87219
87668..89167,+,499,15789429,87668,89167
89160..90587,+,475,15789430,89160,90587
90639..93641,+,1000,15789431,90639,93641
93634..94359,+,241,15789432,93634,94359
96010..96543,-,177,15789433,96010,96543
97444..98121,+,225,15789434,97444,98121
98226..99008,+,260,15789435,98226,99008
100891..101715,-,274,15789436,100891,101715
102034..102309,-,91,15789437,102034,102309
102309..102692,-,127,15789438,102309,102692
102863..103021,-,52,15789439,102863,103021
103021..103146,-,41,15789440,103021,103146
103514..104005,+,163,15789441,103514,104005
104073..106001,+,642,15789442,104073,106001
106009..106791,+,260,15789443,106009,106791
106803..107189,-,128,15789444,106803,107189
107233..107562,-,109,15789445,107233,107562
107649..108428,+,259,15789446,107649,108428
108694..109563,+,289,15789447,108694,109563
109649..109831,+,60,15789448,109649,109831
109834..110448,-,204,15789449,109834,110448
110769..112193,+,474,15789450,110769,112193
112247..112699,+,150,15789451,112247,112699
112696..113712,+,338,15789452,112696,113712
113691..115049,-,452,15789453,113691,115049
115898..116149,+,83,15789454,115898,116149
116234..116758,+,174,15789455,116234,116758
116881..117093,+,70,15789456,116881,117093
117313..117579,-,88,15789457,117313,117579
117867..118271,-,134,15789458,117867,118271
118287..118700,-,137,15789459,118287,118700
118615..119052,+,145,15789460,118615,119052
119518..119754,+,78,15789461,119518,119754
119759..120226,-,155,15789462,119759,120226
120254..120364,-,36,15789463,120254,120364
120602..122875,+,757,15789464,120602,122875
122890..123561,-,223,15789465,122890,123561
123558..123839,-,93,15789466,123558,123839
124088..124756,-,222,15789467,124088,124756
125012..126100,-,362,15789468,125012,126100
126179..127576,-,465,15789469,126179,127576
127692..128390,+,232,15789470,127692,128390
128484..129716,+,410,15789471,128484,129716
129737..130693,-,318,15789472,129737,130693
130717..132696,-,659,15789473,130717,132696
132683..135277,+,864,15789474,132683,135277
135504..136793,+,429,15789475,135504,136793
136676..138478,+,600,15789476,136676,138478
138494..141109,-,871,15789477,138494,141109
141181..142200,-,339,15789478,141181,142200
142335..143096,+,253,15789479,142335,143096
143339..143497,+,52,15789480,143339,143497
143498..144202,-,234,15789481,143498,144202
144354..144983,-,209,16554459,144354,144983
145185..145907,+,240,15789483,145185,145907
145879..148470,-,863,15789484,145879,148470
148838..151168,+,776,15789485,148838,151168
151174..151860,+,228,15789486,151174,151860
151875..152615,-,246,15789487,151875,152615
152767..153357,-,196,15789488,152767,153357
153490..154470,-,326,15789489,153490,154470
154694..155596,-,300,15789490,154694,155596
155681..156505,-,274,15789491,155681,156505
156613..157431,+,272,15789492,156613,157431
157481..158308,+,275,15789493,157481,158308
158525..159292,+,255,15789494,158525,159292
159342..160433,+,363,15789495,159342,160433
160464..161201,-,245,15789496,160464,161201
161207..162586,+,459,15789497,161207,162586
162656..164095,+,479,15789498,162656,164095
164151..165113,+,320,15789499,164151,165113
165152..166279,-,375,15789500,165152,166279
166336..166503,-,55,15789501,166336,166503
166681..167121,-,146,15789502,166681,167121
167794..168054,-,86,15789503,167794,168054
168184..169212,-,342,15789504,168184,169212
169721..170389,-,222,15789505,169721,170389
170386..170754,-,122,15789506,170386,170754
170747..171424,-,225,15789507,170747,171424
171924..172646,-,240,15789508,171924,172646
172643..173506,-,287,15789509,172643,173506
173537..173824,-,95,15789510,173537,173824
175115..175471,+,118,15789511,175115,175471
175471..175920,+,149,15789512,175471,175920
175913..176947,+,344,15789513,175913,176947
177093..177296,-,67,15789514,177093,177296
177587..178354,+,255,15789515,177587,178354
178317..179321,+,334,15789516,178317,179321
179707..180366,-,219,15789517,179707,180366
180916..183489,-,857,15789518,180916,183489
183649..183858,-,69,15789519,183649,183858
184345..184965,+,206,15789520,184345,184965
184985..186631,-,548,15789521,184985,186631
187174..187731,+,185,15789522,187174,187731
187731..188303,+,190,15789523,187731,188303
188303..189565,+,420,15789524,188303,189565
190053..191009,-,318,15789525,190053,191009
191310..192380,+,356,15789526,191310,192380
192372..192635,-,87,15789527,192372,192635
192826..193377,+,183,15789528,192826,193377
193384..195258,+,624,15789529,193384,195258
195274..195984,+,236,15789530,195274,195984
196042..196281,-,79,15789531,196042,196281
196288..196665,-,125,15789532,196288,196665
197052..197186,-,44,15789533,197052,197186
197195..197512,-,105,15789534,197195,197512
197630..197848,+,72,15789535,197630,197848
197876..198598,-,240,15789536,197876,198598
198651..199955,-,434,16554460,198651,199955
199955..200293,-,112,16554461,199955,200293
200377..200991,+,204,15789538,200377,200991
201025..201612,+,195,15789539,201025,201612
201609..202517,+,302,15789540,201609,202517
202509..203273,-,254,15789541,202509,203273
203276..205708,-,810,15789542,203276,205708
205790..206539,-,249,15789543,205790,206539
206579..207418,-,279,15789544,206579,207418
207474..208184,-,236,161349986,207474,208184
208286..209257,-,323,15789546,208286,209257
209439..210038,+,199,15789547,209439,210038
210031..210582,+,183,15789548,210031,210582
210639..210989,-,116,15789549,210639,210989
211101..211634,+,177,15789550,211101,211634
211694..211852,+,52,15789551,211694,211852
211896..213011,+,371,15789552,211896,213011
213067..214425,+,452,15789553,213067,214425
214442..215515,-,357,15789554,214442,215515
215499..216068,+,189,15789555,215499,216068
216068..216961,+,297,15789556,216068,216961
216982..218070,+,362,15789557,216982,218070
218415..219332,+,305,15789558,218415,219332
219360..220454,+,364,15789559,219360,220454
220482..220949,+,155,15789560,220482,220949
221005..221610,+,201,15789561,221005,221610
221649..223274,+,541,15789562,221649,223274
223518..224468,-,316,15789563,223518,224468
224467..225588,+,373,15789564,224467,225588
225590..226024,-,144,15789565,225590,226024
226021..226179,-,52,15789566,226021,226179
227135..228829,+,564,15789567,227135,228829
229052..229441,+,129,15789568,229052,229441
229443..230597,+,384,15789569,229443,230597
230650..231078,-,142,16554462,230650,231078
231155..231817,-,220,15789571,231155,231817
231863..232645,-,260,15789572,231863,232645
232683..232952,-,89,15789573,232683,232952
233317..233841,+,174,15789574,233317,233841
233894..234811,+,305,15789575,233894,234811
234808..235626,-,272,15789576,234808,235626
235698..236303,-,201,15789577,235698,236303
236318..237037,-,239,15789578,236318,237037
237133..237666,-,177,15789579,237133,237666
237843..239951,+,702,15789580,237843,239951
240007..240528,-,173,15789581,240007,240528
240541..241296,+,251,15789582,240541,241296
241293..242585,+,430,15789583,241293,242585
242582..243412,+,276,16554463,242582,243412
243437..244234,+,265,15789585,243437,244234
244231..244632,-,133,15789586,244231,244632
244639..245802,+,387,15789587,244639,245802
245809..246108,-,99,15789588,245809,246108
246267..246854,-,195,15789589,246267,246854
247008..247967,-,319,15789590,247008,247967
248258..248971,+,237,15789591,248258,248971
248973..250817,-,614,15789592,248973,250817
251021..251263,+,80,15789593,251021,251263
251273..251884,-,203,15789594,251273,251884
251940..253118,-,392,15789595,251940,253118
253158..253667,-,169,15789596,253158,253667
253700..253876,-,58,15789597,253700,253876
253914..255653,-,579,15789598,253914,255653
255742..257811,-,689,15789599,255742,257811
257872..258939,-,355,15789600,257872,258939
258965..260251,-,428,15789601,258965,260251
260291..262549,-,752,15789602,260291,262549
262683..263072,+,129,15789603,262683,263072
263073..263978,-,301,15789604,263073,263978
264253..264945,+,230,15789605,264253,264945
265000..265620,+,206,16554464,265000,265620
265595..266869,-,424,15789606,265595,266869
266878..267267,+,129,16554465,266878,267267
267340..268041,+,233,15789607,267340,268041
268046..268906,-,286,15789608,268046,268906
268899..272471,-,1190,15789609,268899,272471
272493..272777,-,94,15789610,272493,272777
272907..274394,+,495,15789611,272907,274394
274440..274601,-,53,15789612,274440,274601
274891..275373,-,160,15789613,274891,275373
275494..277983,+,829,16554466,275494,277983
278123..279412,+,429,15789615,278123,279412
279446..279664,+,72,15789616,279446,279664
279704..280474,+,256,15789617,279704,280474
280487..282370,-,627,15789618,280487,282370
282398..282826,+,142,15789619,282398,282826
282823..283725,+,300,15789620,282823,283725
283764..284243,-,159,15789621,283764,284243
284272..285273,+,333,15789622,284272,285273
285278..286072,+,264,15789623,285278,286072
286131..286952,+,273,15789624,286131,286952
286968..288011,-,347,15789625,286968,288011
288101..288445,+,114,15789626,288101,288445
288491..289006,+,171,15789627,288491,289006
289515..290222,-,235,16554467,289515,290222
290169..291539,+,456,15789629,290169,291539
291616..291984,+,122,15789630,291616,291984
291994..292431,-,145,15789631,291994,292431
292433..292606,-,57,15789632,292433,292606
292670..293860,-,396,15789633,292670,293860
293888..295060,-,390,15789634,293888,295060
295310..296266,-,318,15789635,295310,296266
296344..297144,+,266,15789636,296344,297144
297162..297530,+,122,15789637,297162,297530
297545..299011,+,488,15789638,297545,299011
299008..299583,+,191,16554468,299008,299583
299568..300425,+,285,15789640,299568,300425
300471..300941,+,156,15789641,300471,300941
300938..301228,-,96,15789642,300938,301228
301248..302276,+,342,15789643,301248,302276
302277..302999,-,240,15789644,302277,302999
303046..304194,-,382,15789645,303046,304194
304268..305170,-,300,15789646,304268,305170
305431..305844,+,137,15789647,305431,305844
305902..306699,+,265,15789648,305902,306699
306701..307168,-,155,15789649,306701,307168
307290..309215,-,641,15789650,307290,309215
309533..309685,-,50,15789651,309533,309685
309807..311312,+,501,161349985,309807,311312
311391..311921,+,176,15789653,311391,311921
311957..312946,+,329,15789654,311957,312946
313105..314163,+,352,15789655,313105,314163
314156..314971,-,271,15789656,314156,314971
315206..316276,-,356,15789657,315206,316276
316309..318105,-,598,15789658,316309,318105
318208..319275,+,355,15789659,318208,319275
319297..321744,-,815,15789660,319297,321744
321793..323580,-,595,15789661,321793,323580
323468..324955,+,495,15789662,323468,324955
325020..325661,+,213,15789663,325020,325661
325698..326195,+,165,15789664,325698,326195
326196..326384,-,62,15789665,326196,326384
326468..326947,+,159,15789666,326468,326947
326955..328172,-,405,15789667,326955,328172
328415..328807,+,130,15789668,328415,328807
328807..329523,+,238,15789669,328807,329523
329653..329967,-,104,15789670,329653,329967
330079..331341,+,420,15789671,330079,331341
331342..332112,-,256,15789672,331342,332112
332196..332681,+,161,15789673,332196,332681
332688..333338,-,216,15789674,332688,333338
333816..334244,-,142,15789675,333816,334244
334368..334703,+,111,15789676,334368,334703
334798..335064,-,88,15789677,334798,335064
335061..336626,-,521,15789678,335061,336626
336723..338003,+,426,15789679,336723,338003
338014..339384,-,456,15789680,338014,339384
339490..339819,+,109,15789681,339490,339819
339822..340952,-,376,15789682,339822,340952
341012..341647,+,211,15789683,341012,341647
341670..342908,-,412,15789684,341670,342908
342946..343887,-,313,15789685,342946,343887
343909..345117,-,402,15789686,343909,345117
345205..346275,+,356,15789687,345205,346275
346272..346910,+,212,15789688,346272,346910
346978..347355,+,125,15789689,346978,347355
347367..347990,-,207,15789690,347367,347990
348053..348898,-,281,15789691,348053,348898
348905..350605,-,566,15789692,348905,350605
350607..351566,-,319,15789693,350607,351566
351622..352656,-,344,15789694,351622,352656
352883..353887,+,334,15789695,352883,353887
353960..354931,+,323,15789696,353960,354931
355258..356568,+,436,15789697,355258,356568
356605..356889,-,94,15789698,356605,356889
356891..357508,-,205,15789699,356891,357508
357501..358391,-,296,16554469,357501,358391
358388..359239,-,283,15789701,358388,359239
359388..360221,-,277,15789702,359388,360221
360279..361511,-,410,15789703,360279,361511
361705..363387,-,560,15789704,361705,363387
363359..364117,-,252,15789705,363359,364117
364276..364476,-,66,15789706,364276,364476
364473..364889,-,138,15789707,364473,364889
365304..366173,-,289,15789708,365304,366173
366170..367918,-,582,15789709,366170,367918
368167..368811,+,214,15789710,368167,368811
369003..369404,+,133,16554470,369003,369404
369409..369825,-,138,15789711,369409,369825
369837..370787,-,316,15789712,369837,370787
370841..372802,-,653,15789713,370841,372802
372939..373508,-,189,15789714,372939,373508
373577..374761,-,394,15789715,373577,374761
374853..376823,+,656,15789716,374853,376823
376820..377209,-,129,15789717,376820,377209
377233..377808,-,191,15789718,377233,377808
377808..378581,-,257,15789719,377808,378581
378529..379233,-,234,15789720,378529,379233
379302..380477,-,391,15789721,379302,380477
380553..382442,-,629,15789722,380553,382442
382599..383294,-,231,15789723,382599,383294
383334..383987,-,217,15789724,383334,383987
384063..384446,-,127,15789725,384063,384446
384499..385005,-,168,15789726,384499,385005
385002..385913,-,303,15789727,385002,385913
386009..386755,+,248,15789728,386009,386755
386766..388004,-,412,15789729,386766,388004
388169..389290,+,373,15789730,388169,389290
389355..390143,+,262,15789731,389355,390143
390140..391321,-,393,15789732,390140,391321
391432..392532,+,366,15789733,391432,392532
392529..392660,-,43,15789734,392529,392660
392861..393733,-,290,15789735,392861,393733
393802..393999,+,65,15789736,393802,393999
394049..394186,+,45,15789737,394049,394186
394230..395336,-,368,15789738,394230,395336
395657..395887,+,76,15789739,395657,395887
395945..397108,+,387,15789740,395945,397108
397105..399756,+,883,15789741,397105,399756
399808..400059,+,83,15789742,399808,400059
400501..400614,-,37,15789743,400501,400614
400823..401008,-,61,15789744,400823,401008
401122..403827,+,901,15789745,401122,403827
403843..404586,-,247,15789746,403843,404586
404888..405814,+,308,15789747,404888,405814
405851..407275,+,474,15789748,405851,407275
407277..408491,+,404,15789749,407277,408491
408654..409160,-,168,15789750,408654,409160
409159..409593,+,144,15789751,409159,409593
410039..410416,-,125,15789752,410039,410416
410415..411128,+,237,15789753,410415,411128
411371..412003,+,210,15789754,411371,412003
412027..412317,-,96,15789755,412027,412317
412713..413414,-,233,15789756,412713,413414
413539..416253,-,904,15789757,413539,416253
416246..416737,-,163,15789758,416246,416737
416799..417755,-,318,15789759,416799,417755
417903..419099,-,398,15789760,417903,419099
419196..420488,+,430,15789761,419196,420488
420476..420874,-,132,15789762,420476,420874
421208..421615,+,135,15789763,421208,421615
421905..422657,-,250,15789764,421905,422657
422662..422844,-,60,15789765,422662,422844
422844..423647,-,267,15789766,422844,423647
423644..423817,-,57,15789767,423644,423817
423822..424007,-,61,15789768,423822,424007
424253..425932,+,559,15789769,424253,425932
425790..428312,-,840,15789770,425790,428312
428425..429981,+,518,15789771,428425,429981
430285..430965,-,226,15789772,430285,430965
431034..431600,-,188,15789773,431034,431600
431659..433443,-,594,15789774,431659,433443
433440..435059,-,539,161349984,433440,435059
435056..436198,-,380,15789776,435056,436198
436530..436886,-,118,15789777,436530,436886
436883..437350,-,155,15789778,436883,437350
437347..437877,-,176,15789779,437347,437877
437874..438200,-,108,16554471,437874,438200
438197..438472,-,91,161349983,438197,438472
438469..439563,-,364,15789782,438469,439563
439733..440911,-,392,15789783,439733,440911
441519..442211,-,230,15789784,441519,442211
442210..442467,+,85,15789785,442210,442467
442518..443819,+,433,15789786,442518,443819
444303..444683,+,126,15789787,444303,444683
444728..445168,+,146,15789788,444728,445168
445263..445523,-,86,15789789,445263,445523
445516..445803,-,95,15789790,445516,445803
445897..446661,-,254,15789791,445897,446661
446666..447478,-,270,15789792,446666,447478
447481..448311,-,276,15789793,447481,448311
448314..448700,-,128,15789794,448314,448700
448700..449389,-,229,15789795,448700,449389
449465..450376,-,303,15789796,449465,450376
450472..450960,+,162,15789797,450472,450960
450957..451601,-,214,15789798,450957,451601
451701..452384,-,227,15789799,451701,452384
452465..453469,+,334,15789800,452465,453469
454135..454461,+,108,15789801,454135,454461
454472..455086,-,204,15789802,454472,455086
455876..456031,+,51,15789803,455876,456031
456082..456483,+,133,15789804,456082,456483
456480..457472,-,330,15789805,456480,457472
457591..458676,-,361,15789806,457591,458676
458746..459027,+,93,15789807,458746,459027
459075..459317,+,80,15789808,459075,459317
459333..459794,-,153,15789809,459333,459794
460447..460728,+,93,15789810,460447,460728
460913..461737,+,274,15789811,460913,461737
461747..462160,-,137,15789812,461747,462160
462193..462840,-,215,15789813,462193,462840
462955..463797,-,280,15789814,462955,463797
464523..465503,+,326,15789815,464523,465503
466389..466583,-,64,15789816,466389,466583
466928..467362,-,144,15789817,466928,467362
467390..469276,-,628,15789818,467390,469276
469912..471549,-,545,15789819,469912,471549
471670..472527,-,285,15789820,471670,472527
472598..473500,-,300,15789821,472598,473500
473684..474712,-,342,15789822,473684,474712
474797..476572,+,591,15789823,474797,476572
476591..476920,-,109,15789824,476591,476920
477027..477500,-,157,15789825,477027,477500
477499..478410,+,303,15789826,477499,478410
478615..479733,+,372,15789827,478615,479733
479857..480999,-,380,15789828,479857,480999
480996..481397,-,133,15789829,480996,481397
481425..483239,+,604,15789830,481425,483239
483366..484460,+,364,15789831,483366,484460
484457..485068,+,203,15789832,484457,485068
485194..485604,+,136,15789833,485194,485604
485597..486304,+,235,15789834,485597,486304
486301..487989,+,562,15789835,486301,487989
488101..489045,+,314,15789836,488101,489045
489042..489503,+,153,15789837,489042,489503
489561..489821,+,86,15789838,489561,489821
489893..490126,+,77,15789839,489893,490126
490126..490428,+,100,15789840,490126,490428
490430..492508,+,692,15789841,490430,492508
492509..494068,+,519,15789842,492509,494068
494341..495552,+,403,15789843,494341,495552
495620..497053,+,477,15789844,495620,497053
497085..497903,+,272,15789845,497085,497903
498002..498151,+,49,15789846,498002,498151
498404..499984,+,526,15789847,498404,499984
499989..500732,-,247,15789848,499989,500732
500787..501026,-,79,15789849,500787,501026
501272..503053,-,593,15789850,501272,503053
503179..503406,-,75,15789851,503179,503406
503448..503834,-,128,15789852,503448,503834
503953..504810,+,285,15789853,503953,504810
504860..505708,+,282,15789854,504860,505708
505709..506476,-,255,15789855,505709,506476
506634..507962,+,442,15789856,506634,507962
507963..508619,+,218,15789857,507963,508619
508660..509556,+,298,15789858,508660,509556
509553..510302,+,249,15789859,509553,510302
510308..510787,-,159,15789860,510308,510787
510805..511413,-,202,15789861,510805,511413
511535..511951,+,138,15789862,511535,511951
511953..512927,+,324,15789863,511953,512927
512985..513917,+,310,15789864,512985,513917
513894..514277,-,127,15789865,513894,514277
514274..515461,-,395,15789866,514274,515461
515503..515790,-,95,15789867,515503,515790
515836..517029,-,397,15789868,515836,517029
516984..518156,+,390,15789869,516984,518156
518183..519043,-,286,15789870,518183,519043
518991..519815,+,274,15789871,518991,519815
519914..520705,+,263,15789872,519914,520705
520705..521568,+,287,15789873,520705,521568
521594..522283,+,229,15789874,521594,522283
522644..523456,+,270,15789875,522644,523456
523515..524378,+,287,15789876,523515,524378
524375..526114,+,579,15789877,524375,526114
526686..527156,+,156,15789878,526686,527156
527209..527625,+,138,15789879,527209,527625
527663..527779,-,38,15789880,527663,527779
527835..528500,-,221,15789881,527835,528500
528770..531343,+,857,15789882,528770,531343
531405..531611,+,68,15789883,531405,531611
531750..532034,+,94,15789884,531750,532034
532038..532409,-,123,15789885,532038,532409
532495..534006,-,503,15789886,532495,534006
534180..534779,+,199,15789887,534180,534779
534840..535388,+,182,15789888,534840,535388
535522..536508,+,328,15789889,535522,536508
536584..537165,+,193,15789890,536584,537165
537212..537907,+,231,15789891,537212,537907
537985..539415,+,476,15789892,537985,539415
539412..541040,-,542,15789893,539412,541040
541134..541460,+,108,15789894,541134,541460
541473..542150,-,225,15789895,541473,542150
542178..543044,+,288,15789896,542178,543044
543049..544518,-,489,15789897,543049,544518
544564..545673,-,369,15789898,544564,545673
545760..546020,+,86,15789899,545760,546020
546070..546978,+,302,15789900,546070,546978
546988..547578,-,196,15789901,546988,547578
547992..549476,+,494,15789902,547992,549476
549641..550258,+,205,15789903,549641,550258
550255..551166,-,303,15789904,550255,551166
551252..551722,+,156,15789905,551252,551722
551723..552859,-,378,15789906,551723,552859
552804..553373,+,189,15789907,552804,553373
553409..554386,-,325,15789908,553409,554386
554704..555291,+,195,15789909,554704,555291
555295..557208,+,637,15789910,555295,557208
557214..557657,-,147,15789911,557214,557657
557749..557973,+,74,15789912,557749,557973
557985..558617,-,210,15789913,557985,558617
558704..559006,+,100,15789914,558704,559006
559020..559724,-,234,15789915,559020,559724
559752..560261,+,169,15789916,559752,560261
560272..562254,-,660,15789917,560272,562254
562241..563569,-,442,15789918,562241,563569
563560..565773,-,737,15789919,563560,565773
565827..567884,-,685,15789920,565827,567884
568228..568947,+,239,15789921,568228,568947
569022..569336,+,104,15789922,569022,569336
569376..570320,-,314,15789923,569376,570320
570402..571580,-,392,15789924,570402,571580
571614..572417,-,267,15789925,571614,572417
572416..573042,+,208,15789926,572416,573042
573224..573769,+,181,15789927,573224,573769
573769..574440,+,223,15789928,573769,574440
574437..575162,+,241,15789929,574437,575162
575197..575892,+,231,15789930,575197,575892
575902..576015,-,37,15789931,575902,576015
576121..576747,+,208,15789932,576121,576747
576838..577914,+,358,15789933,576838,577914
577924..578100,-,58,15789934,577924,578100
578203..579231,+,342,15789935,578203,579231
579298..579477,+,59,15789936,579298,579477
579518..579742,+,74,15789937,579518,579742
579788..580198,+,136,15789938,579788,580198
580451..581962,-,503,15789939,580451,581962
582038..583024,-,328,16554472,582038,583024
583046..584185,+,379,15789941,583046,584185
584205..584645,-,146,15789942,584205,584645
584642..585127,-,161,15789943,584642,585127
585235..587049,+,604,15789944,585235,587049
586952..587128,+,58,15789945,586952,587128
588702..590003,-,433,15789946,588702,590003
590056..590733,-,225,15789947,590056,590733
590830..591279,+,149,15789948,590830,591279
591340..591960,-,206,15789949,591340,591960
591957..592118,-,53,15789950,591957,592118
592199..593302,-,367,15789951,592199,593302
593307..593774,-,155,15789952,593307,593774
594361..596730,-,789,15789953,594361,596730
596727..597695,-,322,15789954,596727,597695
598271..598744,+,157,15789955,598271,598744
598879..600096,+,405,15789956,598879,600096
600156..601424,+,422,15789957,600156,601424
601488..602189,+,233,15789958,601488,602189
602186..602782,+,198,15789959,602186,602782
603037..603327,-,96,15789960,603037,603327
603453..604346,+,297,15789961,603453,604346
604372..606708,-,778,15789962,604372,606708
606864..608225,-,453,15789963,606864,608225
608215..608895,+,226,15789964,608215,608895
608896..609288,-,130,15789965,608896,609288
609588..611960,+,790,15789966,609588,611960
611957..613207,+,416,15789967,611957,613207
613227..613859,-,210,15789968,613227,613859
613864..615006,+,380,15789969,613864,615006
615200..616840,+,546,15789970,615200,616840
616933..618651,+,572,15789971,616933,618651
618648..620333,+,561,15789972,618648,620333
620587..621240,-,217,15789973,620587,621240
621237..622844,-,535,15789974,621237,622844
623369..625054,-,561,15789975,623369,625054
625085..625786,-,233,15789976,625085,625786
625866..626312,-,148,15789977,625866,626312
626458..627132,+,224,15789978,626458,627132
627213..627452,+,79,15789979,627213,627452
627445..629958,+,837,15789980,627445,629958
629955..630743,+,262,15789981,629955,630743
630743..632050,+,435,15789982,630743,632050
632047..632625,+,192,15789983,632047,632625
632698..633588,+,296,15789984,632698,633588
633600..633962,-,120,15789985,633600,633962
635667..636047,+,126,15789986,635667,636047
636909..637199,+,96,15789987,636909,637199
637192..638265,+,357,15789988,637192,638265
638529..638633,-,34,15789989,638529,638633
638908..639570,-,220,15789990,638908,639570
639672..640481,-,269,15789991,639672,640481
640617..642092,+,491,15789992,640617,642092
642117..643022,-,301,15789993,642117,643022
643071..644420,-,449,15789994,643071,644420
644507..645466,-,319,15789995,644507,645466
645426..646076,+,216,15789996,645426,646076
646085..646483,-,132,15789997,646085,646483
646591..647625,+,344,15789998,646591,647625
647674..648294,+,206,16554473,647674,648294
648285..650081,-,598,15790000,648285,650081
650181..650465,+,94,15790001,650181,650465
650472..651293,-,273,15790002,650472,651293
651537..651836,+,99,15790003,651537,651836
651889..652026,+,45,15790004,651889,652026
652034..654136,-,700,15790005,652034,654136
654315..654935,+,206,15790006,654315,654935
654935..656017,+,360,15790007,654935,656017
656033..656506,-,157,15790008,656033,656506
656539..657525,-,328,15790009,656539,657525
657575..657961,+,128,15790010,657575,657961
657961..659232,+,423,15790011,657961,659232
659240..659707,-,155,15790012,659240,659707
659810..661324,+,504,15790013,659810,661324
661336..661929,+,197,16554474,661336,661929
661987..662982,+,331,15790015,661987,662982
663068..663607,-,179,16554475,663068,663607
663648..664013,-,121,15790017,663648,664013
664212..664979,+,255,15790018,664212,664979
665121..666806,+,561,15790019,665121,666806
666861..667634,+,257,16554476,666861,667634
667700..668494,+,264,15790021,667700,668494
668445..669545,-,366,15790022,668445,669545
669542..671956,-,804,15790023,669542,671956
672176..674011,+,611,15790024,672176,674011
674013..676487,+,824,15790025,674013,676487
676676..677209,+,177,15790026,676676,677209
677255..678424,+,389,15790027,677255,678424
678467..678622,+,51,15790028,678467,678622
678619..679143,+,174,16554477,678619,679143
679140..679961,-,273,15790029,679140,679961
680015..680419,-,134,15790030,680015,680419
680470..681555,-,361,15790031,680470,681555
681548..682771,-,407,15790032,681548,682771
682768..684288,-,506,15790033,682768,684288
684313..685362,-,349,15790034,684313,685362
685465..686847,-,460,15790035,685465,686847
686893..687372,-,159,15790036,686893,687372
687546..687692,+,48,15790037,687546,687692
687787..689355,+,522,15790038,687787,689355
689345..689866,+,173,15790039,689345,689866
689936..690208,+,90,15790040,689936,690208
690192..691643,+,483,15790041,690192,691643
691613..692713,-,366,15790042,691613,692713
692869..694062,+,397,15790043,692869,694062
694068..696365,-,765,15790044,694068,696365
696355..696996,-,213,15790045,696355,696996
697055..697939,-,294,15790046,697055,697939
698097..698786,+,229,15790047,698097,698786
698755..700821,-,688,15790048,698755,700821
700821..701954,-,377,15790049,700821,701954
701947..703560,-,537,15790050,701947,703560
703563..704714,-,383,15790051,703563,704714
704811..705812,-,333,15790052,704811,705812
705811..705990,+,59,15790053,705811,705990
706028..706747,-,239,15790054,706028,706747
706744..708309,-,521,15790055,706744,708309
708396..709412,+,338,15790056,708396,709412
709490..710641,+,383,15790057,709490,710641
710638..711030,+,130,15790058,710638,711030
711047..712147,-,366,15790059,711047,712147
712274..712447,-,57,15790060,712274,712447
712502..713143,-,213,15790061,712502,713143
713283..714095,-,270,15790062,713283,714095
714164..715606,+,480,15790063,714164,715606
715619..716419,-,266,15790064,715619,716419
716669..718771,+,700,16554478,716669,718771
718768..719832,+,354,15790066,718768,719832
719845..720243,-,132,15790067,719845,720243
720331..720678,+,115,15790068,720331,720678
720747..721028,+,93,15790069,720747,721028
721030..722001,-,323,15790070,721030,722001
722046..723791,-,581,15790071,722046,723791
723798..725687,-,629,15790072,723798,725687
725699..726469,-,256,16554479,725699,726469
726466..726921,-,151,16554480,726466,726921
726922..727359,-,145,15790074,726922,727359
727343..728857,-,504,15790075,727343,728857
728962..729432,-,156,15790076,728962,729432
729429..731339,-,636,15790077,729429,731339
731395..731634,-,79,15790078,731395,731634
731799..732380,+,193,15790079,731799,732380
732464..732982,+,172,15790080,732464,732982
733066..733575,+,169,15790081,733066,733575
733804..734865,+,353,15790082,733804,734865
735009..735881,+,290,15790083,735009,735881
735910..736773,-,287,15790084,735910,736773
736840..737544,-,234,15790085,736840,737544
737643..738110,-,155,16554481,737643,738110
738107..739246,-,379,15790087,738107,739246
739248..739835,-,195,15790088,739248,739835
739838..741844,-,668,15790089,739838,741844
741846..742889,-,347,15790090,741846,742889
742886..743248,-,120,15790091,742886,743248
743295..743831,-,178,15790092,743295,743831
743896..744489,-,197,15790093,743896,744489
744606..745511,+,301,15790094,744606,745511
745648..746763,+,371,15790095,745648,746763
746843..747133,+,96,15790096,746843,747133
747151..748605,-,484,15790097,747151,748605
749392..751398,+,668,15790098,749392,751398
752276..752803,+,175,15790099,752276,752803
753131..753547,+,138,15790100,753131,753547
754149..754391,+,80,15790101,754149,754391
754459..755481,-,340,15790102,754459,755481
756010..756183,+,57,15790103,756010,756183
756675..757016,-,113,15790104,756675,757016
757409..758119,-,236,15790105,757409,758119
758465..759277,+,270,15790106,758465,759277
759667..759870,-,67,15790107,759667,759870
760365..760553,+,62,15790108,760365,760553
760682..762487,+,601,15790109,760682,762487
762609..764612,+,667,15790110,762609,764612
764619..765629,-,336,15790111,764619,765629
765775..766044,-,89,15790112,765775,766044
766603..766812,+,69,15790113,766603,766812
766955..768538,-,527,15790114,766955,768538
768965..769882,+,305,15790115,768965,769882
769965..770189,+,74,15790116,769965,770189
770194..770406,-,70,15790117,770194,770406
770827..771546,+,239,15790118,770827,771546
771722..771925,-,67,15790119,771722,771925
773360..773950,+,196,15790120,773360,773950
774034..774546,+,170,15790121,774034,774546
774736..775503,+,255,16554482,774736,775503
775533..775805,+,90,15790123,775533,775805
775802..777073,-,423,15790124,775802,777073
777110..778453,+,447,15790125,777110,778453
778446..778820,-,124,15790126,778446,778820
778857..779960,-,367,15790127,778857,779960
780246..782048,+,600,15790128,780246,782048
782045..782896,+,283,15790129,782045,782896
782934..783695,+,253,15790130,782934,783695
783700..784716,+,338,15790131,783700,784716
784713..785120,+,135,15790132,784713,785120
785117..785962,+,281,15790133,785117,785962
785972..786526,+,184,15790134,785972,786526
786530..787174,-,214,15790135,786530,787174
787221..787760,-,179,15790136,787221,787760
787803..788402,-,199,15790137,787803,788402
788399..788908,-,169,15790138,788399,788908
788905..790092,-,395,15790139,788905,790092
790091..790531,+,146,15790140,790091,790531
790599..792188,-,529,15790141,790599,792188
792185..792703,-,172,15790142,792185,792703
792760..793494,-,244,15790143,792760,793494
793607..794329,+,240,15790144,793607,794329
794483..795025,+,180,15790145,794483,795025
795133..795747,-,204,15790146,795133,795747
795777..796229,+,150,15790147,795777,796229
796243..796467,-,74,15790148,796243,796467
796466..796759,+,97,15790149,796466,796759
796773..798053,-,426,15790150,796773,798053
798126..798476,-,116,15790151,798126,798476
798683..799369,+,228,15790152,798683,799369
799383..800300,-,305,15790153,799383,800300
800415..801842,+,475,15790154,800415,801842
801935..802657,+,240,15790155,801935,802657
802721..803701,+,326,15790156,802721,803701
803726..805084,-,452,15790157,803726,805084
805308..806426,+,372,15790158,805308,806426
806499..807695,-,398,15790159,806499,807695
807925..808710,+,261,15790160,807925,808710
808831..809730,+,299,15790161,808831,809730
809745..810761,-,338,15790162,809745,810761
811152..812492,-,446,15790163,811152,812492
812621..813382,+,253,15790164,812621,813382
813372..814280,+,302,15790165,813372,814280
814270..815256,-,328,15790166,814270,815256
815317..818580,+,1087,15790167,815317,818580
818634..819524,+,296,15790168,818634,819524
819545..820756,-,403,16554483,819545,820756
820841..821197,-,118,15790170,820841,821197
821245..822726,-,493,15790171,821245,822726
822719..823564,-,281,15790172,822719,823564
823711..824646,-,311,15790173,823711,824646
824703..826337,-,544,15790174,824703,826337
826509..827423,-,304,15790175,826509,827423
827496..829250,-,584,15790176,827496,829250
829247..830572,-,441,15790177,829247,830572
830618..831214,-,198,15790178,830618,831214
831377..831595,+,72,15790179,831377,831595
831651..831929,+,92,15790180,831651,831929
832010..833953,+,647,15790181,832010,833953
833972..834178,-,68,15790182,833972,834178
834481..835803,+,440,15790183,834481,835803
835854..836057,+,67,15790184,835854,836057
836666..837766,-,366,15790185,836666,837766
837766..838644,-,292,15790186,837766,838644
838735..839919,+,394,15790187,838735,839919
839927..840118,-,63,15790188,839927,840118
840223..840531,-,102,15790189,840223,840531
840757..842241,+,494,15790190,840757,842241
842300..843136,+,278,15790191,842300,843136
843129..843680,+,183,15790192,843129,843680
843690..844934,-,414,15790193,843690,844934
845055..845399,-,114,15790194,845055,845399
845405..846463,-,352,15790195,845405,846463
846465..847103,-,212,15790196,846465,847103
847304..847795,-,163,15790197,847304,847795
847866..848072,-,68,15790198,847866,848072
848173..849285,+,370,15790199,848173,849285
849289..849699,+,136,15790200,849289,849699
849749..850534,+,261,15790201,849749,850534
850650..851024,+,124,15790202,850650,851024
851026..851874,-,282,15790203,851026,851874
851896..852879,+,327,15790204,851896,852879
853114..853365,+,83,15790205,853114,853365
853418..853894,-,158,15790206,853418,853894
853986..855161,+,391,15790207,853986,855161
855154..855582,-,142,16554484,855154,855582
855719..856657,-,312,15790209,855719,856657
856660..858582,-,640,15790210,856660,858582
858687..858911,-,74,15790211,858687,858911
858908..859939,-,343,15790212,858908,859939
860275..860790,+,171,15790213,860275,860790
860790..861302,+,170,15790214,860790,861302
861309..861692,+,127,161349982,861309,861692
861696..862442,+,248,15790216,861696,862442
862694..863047,+,117,15790217,862694,863047
863044..863481,+,145,15790218,863044,863481
863475..863873,+,132,16554485,863475,863873
863886..864086,+,66,15790220,863886,864086
864089..864271,+,60,15790221,864089,864271
864273..865469,+,398,15790222,864273,865469
865466..866215,+,249,15790223,865466,866215
866282..867124,-,280,15790224,866282,867124
867210..868202,+,330,15790225,867210,868202
868199..868936,+,245,15790226,868199,868936
869155..870501,+,448,16554486,869155,870501
870501..871544,+,347,15790228,870501,871544
871623..871844,+,73,15790229,871623,871844
871960..873720,+,586,15790230,871960,873720
873734..874207,-,157,15790231,873734,874207
874233..876539,-,768,15790232,874233,876539
876667..877029,+,120,15790233,876667,877029
877036..877260,+,74,161349981,877036,877260
877260..877448,+,62,15790235,877260,877448
877445..877930,+,161,15790236,877445,877930
877978..878925,-,315,15790237,877978,878925
878982..879557,-,191,15790238,878982,879557
879550..880452,-,300,15790239,879550,880452
880623..881471,-,282,15790240,880623,881471
881509..882102,-,197,15790241,881509,882102
882144..882503,-,119,15790242,882144,882503
882503..882802,-,99,15790243,882503,882802
883195..884376,+,393,15790244,883195,884376
884446..884745,-,99,15790245,884446,884745
884715..884888,-,57,16554487,884715,884888
884967..886922,-,651,15790246,884967,886922
886911..887744,+,277,15790247,886911,887744
887741..888373,+,210,15790248,887741,888373
888387..888617,-,76,15790249,888387,888617
888617..889327,-,236,15790250,888617,889327
889326..889859,+,177,15790251,889326,889859
889903..890526,+,207,15790252,889903,890526
890603..891091,+,162,15790253,890603,891091
891125..892330,-,401,16554488,891125,892330
892327..892578,-,83,15790255,892327,892578
892721..893791,+,356,15790256,892721,893791
893923..895062,+,379,15790257,893923,895062
895069..895686,+,205,15790258,895069,895686
895707..896105,-,132,15790259,895707,896105
896255..896857,-,200,15790260,896255,896857
896996..898141,+,381,16554489,896996,898141
898154..899398,-,414,15790262,898154,899398
899522..899731,-,69,15790263,899522,899731
899768..899878,-,36,15790264,899768,899878
900160..900624,-,154,15790265,900160,900624
900703..902079,-,458,15790266,900703,902079
902216..902422,+,68,15790267,902216,902422
902438..903073,-,211,15790268,902438,903073
903076..903774,-,232,15790269,903076,903774
903818..905068,-,416,15790270,903818,905068
905173..906468,-,431,15790271,905173,906468
907027..907659,-,210,15790272,907027,907659
907743..909509,+,588,15790273,907743,909509
909509..910429,+,306,15790274,909509,910429
910426..911679,+,417,15790275,910426,911679
911697..913253,+,518,16554490,911697,913253
913341..914321,+,326,15790277,913341,914321
914979..916109,+,376,15790278,914979,916109
916393..916875,-,160,15790279,916393,916875
916872..918068,-,398,15790280,916872,918068
918171..918887,-,238,15790281,918171,918887
918850..919596,+,248,15790282,918850,919596
919654..919977,-,107,15790283,919654,919977
920669..921862,+,397,15790284,920669,921862
922015..922776,-,253,15790285,922015,922776
922865..923065,+,66,15790286,922865,923065
923079..923711,-,210,15790287,923079,923711
923886..924092,+,68,15790288,923886,924092
924127..925311,-,394,15790289,924127,925311
925560..926879,-,439,15790290,925560,926879
926974..928149,+,391,15790291,926974,928149
928165..929535,-,456,15790292,928165,929535
929643..930380,+,245,15790293,929643,930380
930370..931761,+,463,15790294,930370,931761
931821..932303,+,160,15790295,931821,932303
932347..932466,-,39,15790296,932347,932466
932654..932875,+,73,15790297,932654,932875
932862..935048,+,728,15790298,932862,935048
935124..935900,+,258,15790299,935124,935900
936143..936409,-,88,15790300,936143,936409
936406..937260,-,284,15790301,936406,937260
937348..937776,+,142,15790302,937348,937776
937934..938593,-,219,15790303,937934,938593
938596..939666,-,356,15790304,938596,939666
939667..940758,-,363,15790305,939667,940758
940842..943682,-,946,15790306,940842,943682
943743..944486,-,247,15790307,943743,944486
944486..945883,-,465,15790308,944486,945883
945880..947262,-,460,15790309,945880,947262
947257..947919,+,220,15790310,947257,947919
947927..948211,-,94,15790311,947927,948211
948260..949348,-,362,15790312,948260,949348
949462..949746,+,94,15790313,949462,949746
949891..950073,+,60,15790314,949891,950073
950078..950476,-,132,15790315,950078,950476
950618..950860,+,80,15790316,950618,950860
950936..951319,-,127,15790317,950936,951319
951404..952309,+,301,15790318,951404,952309
952374..953267,+,297,15790319,952374,953267
953515..954315,-,266,15790320,953515,954315
954746..955255,+,169,15790321,954746,955255
955464..956882,+,472,15790322,955464,956882
956875..957366,+,163,15790323,956875,957366
957376..958683,-,435,16554491,957376,958683
958732..959457,-,241,15790325,958732,959457
959518..960012,-,164,15790326,959518,960012
960009..960611,-,200,15790327,960009,960611
960595..960975,-,126,15790328,960595,960975
961406..962074,-,222,15790329,961406,962074
962119..962319,-,66,15790330,962119,962319
962319..963932,-,537,15790331,962319,963932
964009..964770,-,253,15790332,964009,964770
964835..965257,-,140,15790333,964835,965257
965294..965509,-,71,15790334,965294,965509
965562..966389,-,275,15790335,965562,966389
966430..966543,-,37,15790336,966430,966543
966623..967534,-,303,15790337,966623,967534
967595..967786,-,63,15790338,967595,967786
967899..968510,+,203,15790339,967899,968510
968577..969803,+,408,15790340,968577,969803
969880..971058,+,392,15790341,969880,971058
971265..971507,+,80,15790342,971265,971507
971521..972504,-,327,15790343,971521,972504
972633..972983,+,116,15790344,972633,972983
972973..975201,-,742,15790345,972973,975201
975273..976565,+,430,15790346,975273,976565
976559..978406,-,615,15790347,976559,978406
978413..979291,-,292,15790348,978413,979291
979298..979660,-,120,15790349,979298,979660
979662..980084,-,140,15790350,979662,980084
980201..980776,-,191,15790351,980201,980776
980918..982897,+,659,15790352,980918,982897
983197..983418,+,73,15790353,983197,983418
983324..983818,+,164,15790354,983324,983818
983914..984111,-,65,15790355,983914,984111
984228..984569,+,113,15790356,984228,984569
984584..986269,-,561,15790357,984584,986269
986348..987505,+,385,15790358,986348,987505
987502..989949,+,815,15790359,987502,989949
989961..990395,-,144,15790360,989961,990395
990944..991744,-,266,15790361,990944,991744
991743..992111,+,122,15790362,991743,992111
992165..992743,+,192,15790363,992165,992743
992751..993020,-,89,15790364,992751,993020
993093..993569,+,158,15790365,993093,993569
993598..994200,-,200,15790366,993598,994200
994265..995734,-,489,15790367,994265,995734
995751..996206,-,151,15790368,995751,996206
996308..997666,+,452,15790369,996308,997666
997742..999307,+,521,15790370,997742,999307
999323..1000228,-,301,15790371,999323,1000228
1000227..1000994,+,255,15790372,1000227,1000994
1000991..1002007,+,338,16554492,1000991,1002007
1002024..1002701,-,225,15790374,1002024,1002701
1002833..1003978,-,381,15790375,1002833,1003978
1004042..1004611,+,189,15790376,1004042,1004611
1004568..1005329,+,253,15790377,1004568,1005329
1005333..1005794,-,153,16554493,1005333,1005794
1005848..1006789,-,313,15790379,1005848,1006789
1006932..1007417,+,161,15790380,1006932,1007417
1007425..1009293,-,622,15790381,1007425,1009293
1009330..1010874,-,514,15790382,1009330,1010874
1010871..1011350,-,159,15790383,1010871,1011350
1011395..1012807,-,470,15790384,1011395,1012807
1013011..1013259,-,82,15790385,1013011,1013259
1013308..1014291,-,327,15790386,1013308,1014291
1014340..1014834,-,164,15790387,1014340,1014834
1015011..1015412,+,133,15790388,1015011,1015412
1015496..1016482,+,328,15790389,1015496,1016482
1016483..1017439,-,318,15790390,1016483,1017439
1017495..1017722,-,75,15790391,1017495,1017722
1017722..1018000,-,92,15790392,1017722,1018000
1018040..1019149,-,369,15790393,1018040,1019149
1019209..1020318,+,369,15790394,1019209,1020318
1020315..1021511,+,398,16554494,1020315,1021511
1021561..1022991,+,476,15790396,1021561,1022991
1023071..1024891,+,606,15790397,1023071,1024891
1025206..1026540,+,444,15790398,1025206,1026540
1026595..1026759,-,54,15790399,1026595,1026759
1026961..1027410,-,149,15790400,1026961,1027410
1027447..1028247,-,266,15790401,1027447,1028247
1028559..1029209,+,216,15790402,1028559,1029209
1029784..1030257,+,157,15790403,1029784,1030257
1030300..1030734,+,144,15790404,1030300,1030734
1030786..1033188,+,800,15790405,1030786,1033188
1033228..1033419,+,63,15790406,1033228,1033419
1033416..1033934,+,172,15790407,1033416,1033934
1033931..1034509,-,192,15790408,1033931,1034509
1034506..1035285,-,259,15790409,1034506,1035285
1035287..1036099,-,270,15790410,1035287,1036099
1036408..1036719,+,103,15790411,1036408,1036719
1036721..1037209,-,162,16554495,1036721,1037209
1037249..1037746,-,165,15790412,1037249,1037746
1037808..1039253,-,481,15790413,1037808,1039253
1039323..1040405,-,360,15790414,1039323,1040405
1040466..1040909,-,147,15790415,1040466,1040909
1040976..1041458,-,160,15790416,1040976,1041458
1041502..1041948,-,148,15790417,1041502,1041948
1041974..1042369,-,131,15790418,1041974,1042369
1042533..1042907,-,124,15790419,1042533,1042907
1043067..1043468,+,133,15790420,1043067,1043468
1043980..1045554,+,524,16554496,1043980,1045554
1045627..1046025,+,132,15790422,1045627,1046025
1046073..1048121,-,682,15790423,1046073,1048121
1048271..1049413,+,380,15790424,1048271,1049413
1049424..1050434,-,336,15790425,1049424,1050434
1051252..1052118,-,288,15790426,1051252,1052118
1052148..1053737,-,529,15790427,1052148,1053737
1053950..1055224,+,424,15790428,1053950,1055224
1055397..1056290,+,297,15790429,1055397,1056290
1056325..1057122,-,265,15790430,1056325,1057122
1057123..1058421,+,432,15790431,1057123,1058421
1058589..1059044,+,151,15790432,1058589,1059044
1059075..1059986,+,303,15790433,1059075,1059986
1060045..1060191,+,48,15790434,1060045,1060191
1060402..1060698,-,98,15790435,1060402,1060698
1060839..1061117,+,92,15790436,1060839,1061117
1061121..1061363,+,80,15790437,1061121,1061363
1061360..1062508,-,382,15790438,1061360,1062508
1062600..1063610,+,336,15790439,1062600,1063610
1063672..1064343,+,223,15790440,1063672,1064343
1064474..1065466,+,330,15790441,1064474,1065466
1065552..1065731,+,59,15790442,1065552,1065731
1065778..1066809,+,343,15790443,1065778,1066809
1067076..1067780,-,234,15790444,1067076,1067780
1068124..1068375,+,83,15790445,1068124,1068375
1068714..1069064,-,116,15790446,1068714,1069064
1069113..1070375,-,420,15790447,1069113,1070375
1070493..1071770,+,425,15790448,1070493,1071770
1071909..1072142,-,77,15790449,1071909,1072142
1072166..1073080,-,304,15790450,1072166,1073080
1073153..1073392,-,79,15790451,1073153,1073392
1073658..1074833,+,391,15790452,1073658,1074833
1074878..1075960,+,360,15790453,1074878,1075960
1075969..1076835,-,288,15790454,1075969,1076835
1076841..1077320,+,159,15790455,1076841,1077320
1077321..1078823,-,500,15790456,1077321,1078823
1078862..1079908,-,348,15790457,1078862,1079908
1079946..1080326,-,126,15790458,1079946,1080326
1080325..1081038,+,237,15790459,1080325,1081038
1081040..1082008,-,322,15790460,1081040,1082008
1082119..1082265,-,48,15790461,1082119,1082265
1082555..1082767,-,70,15790462,1082555,1082767
1082767..1084842,-,691,15790463,1082767,1084842
1085033..1085461,+,142,15790464,1085033,1085461
1085495..1087519,-,674,15790465,1085495,1087519
1087516..1088622,-,368,15790466,1087516,1088622
1088744..1088878,+,44,15790467,1088744,1088878
1089122..1089910,+,262,15790468,1089122,1089910
1089962..1090231,+,89,15790469,1089962,1090231
1090362..1091636,+,424,15790470,1090362,1091636
1091633..1092457,+,274,15790471,1091633,1092457
1092551..1094830,-,759,15790472,1092551,1094830
1094827..1095075,-,82,15790473,1094827,1095075
1095190..1096014,+,274,15790474,1095190,1096014
1096286..1097941,+,551,15790475,1096286,1097941
1097962..1100202,+,746,15790476,1097962,1100202
1100204..1101028,-,274,15790477,1100204,1101028
1101172..1101351,+,59,15790478,1101172,1101351
1101355..1101738,-,127,15790479,1101355,1101738
1102027..1102542,+,171,15790480,1102027,1102542
1102552..1103676,-,374,15790481,1102552,1103676
1103741..1104244,-,167,15790482,1103741,1104244
1104331..1105599,+,422,15790483,1104331,1105599
1105679..1105840,+,53,15790484,1105679,1105840
1105936..1106394,+,152,15790485,1105936,1106394
1106448..1107095,+,215,15790486,1106448,1107095
1107155..1107559,+,134,15790487,1107155,1107559
1107931..1108500,+,189,15790488,1107931,1108500
1108559..1110031,-,490,15790489,1108559,1110031
1110237..1110413,-,58,15790490,1110237,1110413
1110410..1110619,-,69,15790491,1110410,1110619
1110649..1111710,-,353,15790492,1110649,1111710
1112065..1113018,+,317,15790493,1112065,1113018
1113019..1113681,-,220,15790494,1113019,1113681
1113845..1116310,+,821,15790495,1113845,1116310
1116360..1117103,+,247,15790496,1116360,1117103
1117100..1118569,-,489,15790497,1117100,1118569
1118630..1119703,-,357,15790498,1118630,1119703
1119763..1121874,-,703,15790499,1119763,1121874
1121952..1123601,-,549,15790500,1121952,1123601
1123649..1125703,-,684,15790501,1123649,1125703
1125749..1125985,-,78,15790502,1125749,1125985
1126036..1126644,-,202,15790503,1126036,1126644
1126648..1127235,-,195,15790504,1126648,1127235
1127342..1127782,+,146,15790505,1127342,1127782
1127799..1128008,-,69,15790506,1127799,1128008
1128085..1129023,-,312,15790507,1128085,1129023
1129509..1131440,+,643,15790508,1129509,1131440
1131444..1132820,-,458,15790509,1131444,1132820
1132953..1134599,-,548,15790510,1132953,1134599
1134520..1135863,+,447,15790511,1134520,1135863
1136003..1137436,+,477,15790512,1136003,1137436
1137505..1139055,+,516,15790513,1137505,1139055
1139055..1139312,+,85,15790514,1139055,1139312
1139423..1141255,+,610,15790515,1139423,1141255
1141390..1143534,+,714,15790516,1141390,1143534
1143583..1143726,-,47,15790517,1143583,1143726
1143881..1144840,+,319,16554497,1143881,1144840
1144847..1145290,-,147,15790518,1144847,1145290
1145342..1146571,-,409,15790519,1145342,1146571
1146674..1147519,+,281,15790520,1146674,1147519
1147554..1148264,-,236,15790521,1147554,1148264
1148259..1149530,+,423,15790522,1148259,1149530
1149527..1150396,+,289,15790523,1149527,1150396
1150451..1151497,+,348,15790524,1150451,1151497
1151507..1153885,-,792,15790525,1151507,1153885
1154318..1154809,-,163,15790526,1154318,1154809
1154857..1155096,-,79,15790527,1154857,1155096
1155952..1156764,-,270,15790528,1155952,1156764
1156903..1157466,+,187,15790529,1156903,1157466
1157463..1158167,+,234,15790530,1157463,1158167
1158160..1159026,+,288,15790531,1158160,1159026
1159023..1160000,+,325,15790532,1159023,1160000
1159997..1160827,+,276,15790533,1159997,1160827
1160827..1161834,+,335,15790534,1160827,1161834
1161834..1162082,+,82,15790535,1161834,1162082
1162079..1162777,+,232,15790536,1162079,1162777
1162804..1163997,+,397,16554498,1162804,1163997
1163994..1164365,+,123,15790538,1163994,1164365
1164343..1165566,+,407,15790539,1164343,1165566
1165595..1167667,-,690,15790540,1165595,1167667
1167897..1171601,+,1234,15790541,1167897,1171601
1171591..1172304,+,237,15790542,1171591,1172304
1172301..1173053,+,250,15790543,1172301,1173053
1173050..1173820,-,256,15790544,1173050,1173820
1174064..1174966,+,300,15790545,1174064,1174966
1174953..1176278,+,441,15790546,1174953,1176278
1176275..1176952,+,225,15790547,1176275,1176952
1176954..1178492,+,512,15790548,1176954,1178492
1178690..1179148,+,152,15790549,1178690,1179148
1179145..1180071,+,308,15790550,1179145,1180071
1180212..1180811,+,199,15790551,1180212,1180811
1180811..1181380,+,189,15790552,1180811,1181380
1181398..1182408,+,336,15790553,1181398,1182408
1182401..1183096,+,231,15790554,1182401,1183096
1183163..1184704,-,513,16554499,1183163,1184704
1184767..1185759,+,330,15790556,1184767,1185759
1188524..1188937,+,137,15790557,1188524,1188937
1189410..1189679,-,89,15790558,1189410,1189679
1189961..1190134,+,57,15790559,1189961,1190134
1190152..1190961,-,269,15790560,1190152,1190961
1190958..1191887,-,309,15790561,1190958,1191887
1191948..1192379,+,143,16554500,1191948,1192379
1192390..1193811,-,473,15790563,1192390,1193811
1193811..1195136,-,441,15790564,1193811,1195136
1195419..1195793,-,124,15790565,1195419,1195793
1195790..1196881,-,363,228915427,1195790,1196881
1197028..1197618,-,196,15790567,1197028,1197618
1197636..1198199,+,187,15790568,1197636,1198199
1198223..1198930,-,235,15790569,1198223,1198930
1199058..1199903,+,281,15790570,1199058,1199903
1199977..1200564,+,195,15790571,1199977,1200564
1201805..1202614,+,269,15790572,1201805,1202614
1202684..1204021,+,445,15790573,1202684,1204021
1204023..1204607,-,194,15790574,1204023,1204607
1204670..1205479,-,269,15790575,1204670,1205479
1205478..1205966,+,162,15790576,1205478,1205966
1205963..1206535,-,190,15790577,1205963,1206535
1206584..1207039,-,151,15790578,1206584,1207039
1207038..1208543,+,501,15790579,1207038,1208543
1208540..1209373,-,277,15790580,1208540,1209373
1209504..1211756,+,750,15790581,1209504,1211756
1211764..1212387,-,207,15790582,1211764,1212387
1212650..1213414,+,254,15790583,1212650,1213414
1213427..1214401,-,324,15790584,1213427,1214401
1214457..1214690,-,77,15790585,1214457,1214690
1214890..1215618,-,242,15790586,1214890,1215618
1215673..1216401,-,242,15790587,1215673,1216401
1216405..1216695,-,96,15790588,1216405,1216695
1216692..1217354,-,220,15790589,1216692,1217354
1217584..1218441,+,285,15790590,1217584,1218441
1218759..1219889,+,376,15790591,1218759,1219889
1219873..1220253,-,126,15790592,1219873,1220253
1220349..1220975,+,208,15790593,1220349,1220975
1220972..1221094,-,40,15790594,1220972,1221094
1221158..1224313,-,1051,15790595,1221158,1224313
1224647..1224832,+,61,15790596,1224647,1224832
1224838..1225434,-,198,15790597,1224838,1225434
1225431..1227014,-,527,15790598,1225431,1227014
1227011..1227667,-,218,15790599,1227011,1227667
1227664..1228674,-,336,15790600,1227664,1228674
1229492..1230340,-,282,15790601,1229492,1230340
1230496..1230699,-,67,15790602,1230496,1230699
1231161..1232435,+,424,15790603,1231161,1232435
1232639..1233823,-,394,15790604,1232639,1233823
1234475..1234831,-,118,15790605,1234475,1234831
1234828..1235829,-,333,15790606,1234828,1235829
1235959..1236402,+,147,15790607,1235959,1236402
1236404..1236835,-,143,15790608,1236404,1236835
1237084..1238694,+,536,15790609,1237084,1238694
1238694..1239413,+,239,15790610,1238694,1239413
1239515..1240657,+,380,15790611,1239515,1240657
1240710..1240901,+,63,15790612,1240710,1240901
1240909..1241619,-,236,15790613,1240909,1241619
1241720..1242487,-,255,15790614,1241720,1242487
1242669..1244897,+,742,15790615,1242669,1244897
1244981..1245355,-,124,15790616,1244981,1245355
1245442..1245897,+,151,15790617,1245442,1245897
1245887..1246270,+,127,15790618,1245887,1246270
1246366..1247169,+,267,15790619,1246366,1247169
1247170..1247331,-,53,15790620,1247170,1247331
1247384..1247893,+,169,15790621,1247384,1247893
1247923..1248534,+,203,16554501,1247923,1248534
1248609..1250231,+,540,15790622,1248609,1250231
1250266..1250634,+,122,15790623,1250266,1250634
1250640..1251131,-,163,15790624,1250640,1251131
1251280..1252248,+,322,15790625,1251280,1252248
1252256..1253095,-,279,15790626,1252256,1253095
1253088..1253915,-,275,15790627,1253088,1253915
1253922..1255460,-,512,15790628,1253922,1255460
1255507..1256442,-,311,15790629,1255507,1256442
1256502..1257755,-,417,15790630,1256502,1257755
1258177..1259028,+,283,15790631,1258177,1259028
1259033..1260040,+,335,15790632,1259033,1260040
1260044..1260796,+,250,15790633,1260044,1260796
1260793..1261047,+,84,15790634,1260793,1261047
1261050..1261772,+,240,15790635,1261050,1261772
1261776..1262198,+,140,15790636,1261776,1262198
1262202..1262672,+,156,15790637,1262202,1262672
1262672..1263580,+,302,15790638,1262672,1263580
1263580..1263795,+,71,15790639,1263580,1263795
1263804..1264175,+,123,15790640,1263804,1264175
1264166..1264495,+,109,15790641,1264166,1264495
1264495..1264893,+,132,15790642,1264495,1264893
1264898..1265254,+,118,15790643,1264898,1265254
1265251..1265952,+,233,15790644,1265251,1265952
1265949..1266476,+,175,15790645,1265949,1266476
1266473..1266631,+,52,15790646,1266473,1266631
1266634..1267026,+,130,161349980,1266634,1267026
1267030..1267566,+,178,15790648,1267030,1267566
1267570..1268289,+,239,15790649,1267570,1268289
1268282..1268731,+,149,15790650,1268282,1268731
1268731..1269282,+,183,15790651,1268731,1269282
1269286..1269924,+,212,15790652,1269286,1269924
1269924..1270388,+,154,15790653,1269924,1270388
1270394..1270855,+,153,15790654,1270394,1270855
1270859..1272334,+,491,15790655,1270859,1272334
1272410..1273573,+,387,15790656,1272410,1273573
1273771..1275447,-,558,15790657,1273771,1275447
1275550..1275960,-,136,15790658,1275550,1275960
1276049..1276699,+,216,15790659,1276049,1276699
1276763..1277635,+,290,15790660,1276763,1277635
1277691..1278269,+,192,15790661,1277691,1278269
1278244..1279176,+,310,161349979,1278244,1279176
1279783..1281537,-,584,15790663,1279783,1281537
1281743..1283353,-,536,15790664,1281743,1283353
1283350..1283685,-,111,15790665,1283350,1283685
1283837..1284622,+,261,15790666,1283837,1284622
1284679..1285650,+,323,15790667,1284679,1285650
1285676..1286515,+,279,15790668,1285676,1286515
1286560..1287537,+,325,15790669,1286560,1287537
1287622..1288281,+,219,15790670,1287622,1288281
1288323..1289183,-,286,15790671,1288323,1289183
1289265..1289954,+,229,15790672,1289265,1289954
1289955..1290629,-,224,15790673,1289955,1290629
1290751..1291941,+,396,15790674,1290751,1291941
1291955..1292908,-,317,15790675,1291955,1292908
1292962..1293393,-,143,15790676,1292962,1293393
1293457..1294845,-,462,15790677,1293457,1294845
1294848..1296458,-,536,15790678,1294848,1296458
1296538..1296789,+,83,15790679,1296538,1296789
1296996..1297283,+,95,15790680,1296996,1297283
1297280..1298917,+,545,15790681,1297280,1298917
1298933..1301365,-,810,15790682,1298933,1301365
1301370..1302374,-,334,15790683,1301370,1302374
1304168..1304881,-,237,15790684,1304168,1304881
1304883..1307177,-,764,15790685,1304883,1307177
1307267..1308028,-,253,15790686,1307267,1308028
1308056..1308874,-,272,15790687,1308056,1308874
1308878..1309261,-,127,15790688,1308878,1309261
1309363..1310190,-,275,16554502,1309363,1310190
1310187..1311800,-,537,15790690,1310187,1311800
1311933..1312283,-,116,15790691,1311933,1312283
1312357..1313013,-,218,15790692,1312357,1313013
1313067..1313342,-,91,15790693,1313067,1313342
1313406..1314716,-,436,15790694,1313406,1314716
1314713..1315375,-,220,15790695,1314713,1315375
1315383..1316441,-,352,15790696,1315383,1316441
1316499..1316915,-,138,15790697,1316499,1316915
1317052..1317960,+,302,15790698,1317052,1317960
1317980..1318960,-,326,15790699,1317980,1318960
1319025..1319999,+,324,15790700,1319025,1319999
1320001..1321353,-,450,15790701,1320001,1321353
1321352..1321564,+,70,15790702,1321352,1321564
1321603..1323051,+,482,15790703,1321603,1323051
1323053..1323331,-,92,15790704,1323053,1323331
1323330..1324298,+,322,15790705,1323330,1324298
1324332..1325255,+,307,15790706,1324332,1325255
1325295..1325654,+,119,15790707,1325295,1325654
1325656..1326372,-,238,15790708,1325656,1326372
1326538..1327446,+,302,15790709,1326538,1327446
1327456..1329540,-,694,15790710,1327456,1329540
1329752..1330657,-,301,15790711,1329752,1330657
1330778..1332094,+,438,15790712,1330778,1332094
1332167..1332484,+,105,15790713,1332167,1332484
1332857..1333429,-,190,15790714,1332857,1333429
1333485..1333676,-,63,15790715,1333485,1333676
1333815..1334330,-,171,15790716,1333815,1334330
1334327..1335148,-,273,15790717,1334327,1335148
1335461..1336714,+,417,15790718,1335461,1336714
1336842..1337075,+,77,15790719,1336842,1337075
1337141..1337560,+,139,15790720,1337141,1337560
1337618..1338166,+,182,15790721,1337618,1338166
1338204..1339508,-,434,15790722,1338204,1339508
1339799..1342927,+,1042,15790723,1339799,1342927
1342998..1344059,-,353,15790724,1342998,1344059
1344157..1344570,+,137,15790725,1344157,1344570
1344598..1345239,+,213,15790726,1344598,1345239
1345287..1345697,+,136,16554503,1345287,1345697
1345750..1345983,-,77,15790727,1345750,1345983
1345983..1347026,-,347,15790728,1345983,1347026
1347117..1347734,+,205,15790729,1347117,1347734
1347731..1348438,+,235,15790730,1347731,1348438
1348491..1348718,+,75,15790731,1348491,1348718
1348757..1349077,-,106,15790732,1348757,1349077
1349130..1350047,-,305,15790733,1349130,1350047
1350047..1351708,-,553,15790734,1350047,1351708
1351798..1352415,-,205,15790735,1351798,1352415
1352444..1352584,-,46,15790736,1352444,1352584
1352827..1353444,-,205,15790737,1352827,1353444
1353443..1354081,+,212,15790738,1353443,1354081
1354112..1356064,-,650,15790739,1354112,1356064
1356243..1356452,+,69,15790740,1356243,1356452
1356582..1357613,-,343,15790741,1356582,1357613
1357610..1358623,-,337,15790742,1357610,1358623
1358783..1358941,+,52,15790743,1358783,1358941
1358949..1360250,-,433,15790744,1358949,1360250
1360326..1360982,+,218,15790745,1360326,1360982
1361018..1362301,+,427,15790746,1361018,1362301
1362289..1363230,+,313,15790747,1362289,1363230
1363231..1363962,-,243,15790748,1363231,1363962
1363962..1364264,-,100,15790749,1363962,1364264
1364265..1365500,+,411,15790750,1364265,1365500
1365510..1366691,-,393,15790751,1365510,1366691
1367036..1367812,-,258,15790752,1367036,1367812
1367861..1368748,-,295,15790753,1367861,1368748
1368773..1369606,-,277,15790754,1368773,1369606
1369650..1370594,-,314,15790755,1369650,1370594
1370637..1372538,-,633,15790756,1370637,1372538
1373051..1374292,-,413,15790757,1373051,1374292
1374390..1375028,+,212,15790758,1374390,1375028
1375087..1376385,+,432,15790759,1375087,1376385
1376404..1377303,-,299,15790760,1376404,1377303
1377344..1377889,-,181,15790761,1377344,1377889
1378010..1378210,+,66,15790762,1378010,1378210
1378248..1379138,-,296,15790763,1378248,1379138
1379187..1380002,-,271,15790764,1379187,1380002
1380002..1380895,-,297,15790765,1380002,1380895
1380897..1382075,-,392,15790766,1380897,1382075
1382218..1383342,+,374,15790767,1382218,1383342
1383349..1384233,-,294,15790768,1383349,1384233
1384332..1385600,+,422,15790769,1384332,1385600
1385685..1386209,+,174,15790770,1385685,1386209
1386216..1387433,-,405,15790771,1386216,1387433
1387529..1387846,+,105,15790772,1387529,1387846
1387843..1388991,+,382,15790773,1387843,1388991
1389042..1390562,+,506,15790774,1389042,1390562
1390684..1391808,+,374,15790775,1390684,1391808
1391811..1393340,+,509,15790776,1391811,1393340
1393327..1394133,+,268,15790777,1393327,1394133
1394134..1394925,-,263,15790778,1394134,1394925
1395028..1395366,+,112,16554504,1395028,1395366
1395369..1396895,-,508,15790779,1395369,1396895
1397013..1397267,-,84,15790780,1397013,1397267
1397374..1397820,-,148,15790781,1397374,1397820
1398710..1399948,+,412,15790782,1398710,1399948
1399992..1400741,+,249,15790783,1399992,1400741
1400742..1402349,+,535,15790784,1400742,1402349
1402357..1402704,-,115,15790785,1402357,1402704
1402807..1404606,+,599,15790786,1402807,1404606
1404628..1405080,+,150,15790787,1404628,1405080
1405118..1405774,-,218,15790788,1405118,1405774
1406440..1407288,+,282,15790789,1406440,1407288
1407337..1408272,+,311,15790790,1407337,1408272
1408320..1408535,-,71,15790791,1408320,1408535
1409286..1410086,-,266,16554505,1409286,1410086
1410174..1410275,-,33,15790793,1410174,1410275
1410377..1412059,-,560,15790794,1410377,1412059
1412058..1412615,+,185,15790795,1412058,1412615
1412832..1413275,+,147,15790796,1412832,1413275
1413751..1414017,+,88,15790797,1413751,1414017
1414027..1415064,-,345,15790798,1414027,1415064
1415175..1416233,+,352,15790799,1415175,1416233
1416274..1416843,+,189,15790800,1416274,1416843
1416890..1417231,+,113,15790801,1416890,1417231
1417462..1417815,+,117,15790802,1417462,1417815
1417818..1418579,-,253,15790803,1417818,1418579
1418630..1418989,-,119,15790804,1418630,1418989
1418986..1419372,-,128,15790805,1418986,1419372
1419466..1419942,+,158,15790806,1419466,1419942
1419958..1420185,-,75,15790807,1419958,1420185
1420186..1420965,-,259,15790808,1420186,1420965
1421025..1421192,+,55,15790809,1421025,1421192
1421211..1422179,-,322,15790810,1421211,1422179
1422323..1422649,+,108,15790811,1422323,1422649
1422660..1423259,-,199,15790812,1422660,1423259
1423334..1424245,+,303,15790813,1423334,1424245
1424535..1425587,+,350,15790814,1424535,1425587
1425565..1426359,+,264,15790815,1425565,1426359
1426359..1426988,+,209,15790816,1426359,1426988
1427126..1428148,+,340,161349978,1427126,1428148
1428155..1429516,-,453,161349977,1428155,1429516
1429637..1430680,+,347,15790819,1429637,1430680
1430826..1431071,+,81,15790820,1430826,1431071
1431151..1432230,+,359,15790821,1431151,1432230
1432237..1432575,-,112,15790822,1432237,1432575
1432621..1432788,-,55,15790823,1432621,1432788
1432842..1433516,-,224,15790824,1432842,1433516
1433513..1433767,-,84,15790825,1433513,1433767
1433893..1434804,+,303,15790826,1433893,1434804
1434889..1435803,+,304,15790827,1434889,1435803
1435809..1436222,-,137,15790828,1435809,1436222
1436310..1438067,-,585,15790829,1436310,1438067
1438138..1438911,-,257,15790830,1438138,1438911
1438929..1443020,-,1363,15790831,1438929,1443020
1443227..1443508,-,93,15790832,1443227,1443508
1443507..1444004,+,165,15790833,1443507,1444004
1444126..1445883,-,585,15790834,1444126,1445883
1445947..1447422,-,491,15790835,1445947,1447422
1447469..1447639,-,56,15790836,1447469,1447639
1447671..1448213,-,180,15790837,1447671,1448213
1448212..1448781,+,189,15790838,1448212,1448781
1448260..1448799,-,179,16554506,1448260,1448799
1448861..1450033,-,390,15790839,1448861,1450033
1450110..1451159,-,349,15790840,1450110,1451159
1451162..1452694,-,510,15790841,1451162,1452694
1452915..1454627,+,570,15790842,1452915,1454627
1454617..1455900,+,427,15790843,1454617,1455900
1455893..1457290,+,465,15790844,1455893,1457290
1457335..1457967,-,210,15790845,1457335,1457967
1458039..1458560,+,173,15790846,1458039,1458560
1458716..1458949,+,77,15790847,1458716,1458949
1459030..1459941,+,303,15790848,1459030,1459941
1459955..1460374,+,139,15790849,1459955,1460374
1461293..1461883,-,196,15790850,1461293,1461883
1461880..1463364,-,494,15790851,1461880,1463364
1463506..1464783,+,425,15790852,1463506,1464783
1464785..1465423,+,212,15790853,1464785,1465423
1465420..1467030,-,536,15790854,1465420,1467030
1467161..1467913,+,250,15790855,1467161,1467913
1467921..1469450,-,509,15790856,1467921,1469450
1469447..1470301,-,284,15790857,1469447,1470301
1470434..1470907,-,157,15790858,1470434,1470907
1470955..1471497,-,180,15790859,1470955,1471497
1471603..1472883,+,426,15790860,1471603,1472883
1472892..1473941,+,349,15790861,1472892,1473941
1473943..1474272,-,109,15790862,1473943,1474272
1474404..1474643,-,79,15790863,1474404,1474643
1474858..1476660,+,600,15790864,1474858,1476660
1476737..1477102,-,121,15790865,1476737,1477102
1477154..1477636,-,160,15790866,1477154,1477636
1477669..1478904,-,411,15790867,1477669,1478904
1479000..1480898,-,632,15790868,1479000,1480898
1480897..1482222,+,441,15790869,1480897,1482222
1482219..1483019,-,266,15790870,1482219,1483019
1483024..1484322,-,432,15790871,1483024,1484322
1484374..1484964,-,196,15790872,1484374,1484964
1484968..1485321,-,117,15790873,1484968,1485321
1485424..1485879,-,151,15790874,1485424,1485879
1486031..1486897,+,288,15790875,1486031,1486897
1486894..1488006,-,370,15790876,1486894,1488006
1488090..1488341,-,83,15790877,1488090,1488341
1488724..1489449,+,241,15790878,1488724,1489449
1489454..1491100,+,548,15790879,1489454,1491100
1491180..1492982,+,600,15790880,1491180,1492982
1492979..1493509,-,176,15790881,1492979,1493509
1493620..1495098,+,492,15790882,1493620,1495098
1495368..1496426,-,352,15790883,1495368,1496426
1496425..1496691,+,88,15790884,1496425,1496691
1496766..1497680,+,304,15790885,1496766,1497680
1497707..1497952,+,81,15790886,1497707,1497952
1498297..1498662,+,121,15790887,1498297,1498662
1498703..1499095,-,130,15790888,1498703,1499095
1499405..1500211,+,268,15790889,1499405,1500211
1500208..1500882,-,224,16554507,1500208,1500882
1500795..1501619,-,274,15790891,1500795,1501619
1501863..1502099,+,78,15790892,1501863,1502099
1502096..1502665,-,189,15790893,1502096,1502665
1502692..1504212,-,506,15790894,1502692,1504212
1504536..1505333,+,265,15790895,1504536,1505333
1505291..1505692,-,133,15790896,1505291,1505692
1505691..1505888,+,65,15790897,1505691,1505888
1505903..1506457,-,184,15790898,1505903,1506457
1506498..1506779,-,93,15790899,1506498,1506779
1506828..1508426,-,532,161349976,1506828,1508426
1508435..1508569,-,44,15790901,1508435,1508569
1508571..1508879,-,102,15790902,1508571,1508879
1508935..1509033,-,32,15790903,1508935,1509033
1509474..1509671,-,65,15790904,1509474,1509671
1509672..1510244,-,190,15790905,1509672,1510244
1510248..1510631,-,127,15790906,1510248,1510631
1510636..1511880,-,414,15790907,1510636,1511880
1512177..1512983,+,268,15790908,1512177,1512983
1512989..1513810,-,273,15790909,1512989,1513810
1513807..1514916,-,369,15790910,1513807,1514916
1515193..1516908,-,571,15790911,1515193,1516908
1516948..1518180,+,410,15790912,1516948,1518180
1518251..1519024,+,257,15790913,1518251,1519024
1519017..1519487,+,156,15790914,1519017,1519487
1519498..1521411,-,637,15790915,1519498,1521411
1521456..1523408,-,650,15790916,1521456,1523408
1523420..1524328,-,302,15790917,1523420,1524328
1524446..1525828,+,460,161349975,1524446,1525828
1525893..1526222,-,109,15790919,1525893,1526222
1526221..1526802,+,193,15790920,1526221,1526802
1526849..1526992,+,47,15790921,1526849,1526992
1527060..1527386,-,108,15790922,1527060,1527386
1527488..1528024,-,178,15790923,1527488,1528024
1528082..1528699,-,205,15790924,1528082,1528699
1528776..1528961,+,61,15790925,1528776,1528961
1528958..1529506,+,182,16554508,1528958,1529506
1529534..1530145,+,203,15790926,1529534,1530145
1530149..1531144,-,331,15790927,1530149,1531144
1531141..1531983,-,280,15790928,1531141,1531983
1532071..1533033,-,320,15790929,1532071,1533033
1533185..1533841,+,218,161349974,1533185,1533841
1534374..1535489,+,371,15790931,1534374,1535489
1535505..1535945,+,146,15790932,1535505,1535945
1536131..1536769,+,212,15790933,1536131,1536769
1536751..1538115,-,454,15790934,1536751,1538115
1538241..1538705,+,154,15790935,1538241,1538705
1538840..1540810,-,656,15790936,1538840,1540810
1540767..1541972,+,401,15790937,1540767,1541972
1542149..1542343,-,64,15790938,1542149,1542343
1542347..1542730,-,127,15790939,1542347,1542730
1542781..1544013,-,410,228915426,1542781,1544013
1544296..1544730,+,144,15790941,1544296,1544730
1544781..1545911,-,376,15790942,1544781,1545911
1546022..1547278,+,418,15790943,1546022,1547278
1547275..1547544,-,89,15790944,1547275,1547544
1547630..1548586,+,318,15790945,1547630,1548586
1548632..1549723,+,363,15790946,1548632,1549723
1549720..1549941,-,73,15790947,1549720,1549941
1550019..1551281,-,420,15790948,1550019,1551281
1551547..1552377,+,276,15790949,1551547,1552377
1552374..1553198,-,274,15790950,1552374,1553198
1553564..1553809,-,81,15790951,1553564,1553809
1553875..1555311,-,478,15790952,1553875,1555311
1555430..1556149,-,239,15790953,1555430,1556149
1556228..1556755,-,175,15790954,1556228,1556755
1556811..1557455,-,214,15790955,1556811,1557455
1557442..1558281,+,279,15790956,1557442,1558281
1558353..1558970,+,205,15790957,1558353,1558970
1559008..1559934,-,308,15790958,1559008,1559934
1560066..1561541,+,491,15790959,1560066,1561541
1561543..1563291,-,582,15790960,1561543,1563291
1563368..1564036,-,222,16554509,1563368,1564036
1564023..1564751,-,242,15790962,1564023,1564751
1564788..1565765,-,325,15790963,1564788,1565765
1565967..1566074,-,35,15790964,1565967,1566074
1566101..1567018,-,305,15790965,1566101,1567018
1567067..1568383,+,438,15790966,1567067,1568383
1568401..1569063,-,220,16554510,1568401,1569063
1569140..1569532,-,130,15790968,1569140,1569532
1569547..1570221,-,224,15790969,1569547,1570221
1570278..1571132,-,284,15790970,1570278,1571132
1571291..1571779,-,162,15790971,1571291,1571779
1572295..1573710,-,471,15790972,1572295,1573710
1573716..1575473,-,585,161349973,1573716,1575473
1575479..1575841,-,120,15790974,1575479,1575841
1575838..1576896,-,352,15790975,1575838,1576896
1576893..1577480,-,195,15790976,1576893,1577480
1577503..1577718,-,71,15790977,1577503,1577718
1577784..1579952,-,722,15790978,1577784,1579952
1579939..1580271,-,110,15790979,1579939,1580271
1580346..1581002,+,218,15790980,1580346,1581002
1581505..1582740,-,411,15790981,1581505,1582740
1582844..1584007,+,387,15790982,1582844,1584007
1584077..1584877,+,266,15790983,1584077,1584877
1584874..1585842,+,322,15790984,1584874,1585842
1585866..1586516,-,216,15790985,1585866,1586516
1586648..1587550,+,300,15790986,1586648,1587550
1587552..1588637,-,361,15790987,1587552,1588637
1588750..1589757,+,335,15790988,1588750,1589757
1589811..1591382,-,523,15790989,1589811,1591382
1591620..1592105,+,161,15790990,1591620,1592105
1592154..1592939,+,261,15790991,1592154,1592939
1592950..1593945,-,331,16554511,1592950,1593945
1593632..1595053,+,473,15790993,1593632,1595053
1595055..1595627,+,190,15790994,1595055,1595627
1595672..1596076,+,134,15790995,1595672,1596076
1596089..1596262,-,57,15790996,1596089,1596262
1596897..1597652,+,251,15790997,1596897,1597652
1597649..1598716,-,355,16554512,1597649,1598716
1598752..1601007,-,751,15790999,1598752,1601007
1601058..1602230,-,390,15791000,1601058,1602230
1602287..1603492,-,401,15791001,1602287,1603492
1603520..1603987,+,155,15791002,1603520,1603987
1603994..1605088,-,364,15791003,1603994,1605088
1605490..1607268,+,592,15791004,1605490,1607268
1607756..1607902,-,48,15791005,1607756,1607902
1608193..1609467,+,424,15791006,1608193,1609467
1609442..1609963,-,173,15791007,1609442,1609963
1609956..1610333,-,125,15791008,1609956,1610333
1610790..1611068,-,92,15791009,1610790,1611068
1611475..1611984,+,169,15791010,1611475,1611984
1611981..1613150,-,389,15791011,1611981,1613150
1613953..1616448,+,831,15791012,1613953,1616448
1616518..1616856,+,112,15791013,1616518,1616856
1616853..1617650,+,265,15791014,1616853,1617650
1617647..1618510,-,287,15791015,1617647,1618510
1618682..1619212,+,176,15791016,1618682,1619212
1619975..1620403,-,142,15791017,1619975,1620403
1620447..1620665,-,72,15791018,1620447,1620665
1620746..1620976,+,76,15791019,1620746,1620976
1621029..1624241,+,1070,15791020,1621029,1624241
1624252..1624827,-,191,15791021,1624252,1624827
1624849..1626546,-,565,16554513,1624849,1626546
1626543..1626980,-,145,15791023,1626543,1626980
1627091..1627957,-,288,15791024,1627091,1627957
1628164..1628355,+,63,15791025,1628164,1628355
1628491..1629180,+,229,15791026,1628491,1629180
1629182..1631587,+,801,15791027,1629182,1631587
1631923..1632243,+,106,15791028,1631923,1632243
1632254..1633099,-,281,15791029,1632254,1633099
1633922..1634779,-,285,15791030,1633922,1634779
1634861..1635313,+,150,15791031,1634861,1635313
1635310..1636677,+,455,15791032,1635310,1636677
1636674..1637807,-,377,15791033,1636674,1637807
1637859..1639400,-,513,15791034,1637859,1639400
1639397..1640428,-,343,15791035,1639397,1640428
1640451..1641179,-,242,15791036,1640451,1641179
1641218..1643557,-,779,15791037,1641218,1643557
1643594..1645003,-,469,15791038,1643594,1645003
1645123..1646058,+,311,15791039,1645123,1646058
1646140..1647399,+,419,15791040,1646140,1647399
1647485..1648378,+,297,15791041,1647485,1648378
1648380..1649816,+,478,15791042,1648380,1649816
1649819..1651243,+,474,15791043,1649819,1651243
1651293..1652105,+,270,15791044,1651293,1652105
1652109..1654766,-,885,15791045,1652109,1654766
1654897..1655772,-,291,15791046,1654897,1655772
1656061..1657806,-,581,15791047,1656061,1657806
1657929..1658480,-,183,15791048,1657929,1658480
1658526..1659356,-,276,15791049,1658526,1659356
1659394..1660737,-,447,15791050,1659394,1660737
1660818..1661960,-,380,15791051,1660818,1661960
1662177..1662872,-,231,15791052,1662177,1662872
1663129..1663416,-,95,15791053,1663129,1663416
1663560..1663694,+,44,15791054,1663560,1663694
1663836..1664819,-,327,15791055,1663836,1664819
1664886..1666880,-,664,15791056,1664886,1666880
1666899..1667825,-,308,15791057,1666899,1667825
1667940..1668944,+,334,15791058,1667940,1668944
1668976..1669326,+,116,15791059,1668976,1669326
1669327..1669812,-,161,15791060,1669327,1669812
1670410..1670970,+,186,15791061,1670410,1670970
1670977..1671342,+,121,15791062,1670977,1671342
1671383..1671772,+,129,15791063,1671383,1671772
1671775..1672623,-,282,15791064,1671775,1672623
1672712..1673287,+,191,15791065,1672712,1673287
1673284..1674579,+,431,15791066,1673284,1674579
1674660..1675943,+,427,15791067,1674660,1675943
1676048..1676473,+,141,15791068,1676048,1676473
1676537..1676740,+,67,15791069,1676537,1676740
1676737..1677819,-,360,15791070,1676737,1677819
1677818..1678495,+,225,15791071,1677818,1678495
1678565..1679308,-,247,15791072,1678565,1679308
1679387..1680421,-,344,15791073,1679387,1680421
1680625..1682103,+,492,15791074,1680625,1682103
1682108..1682893,-,261,15791075,1682108,1682893
1682974..1683393,+,139,15791076,1682974,1683393
1684061..1684840,+,259,15791077,1684061,1684840
1684849..1685562,-,237,15791078,1684849,1685562
1685552..1685743,-,63,15791079,1685552,1685743
1685806..1687980,-,724,15791080,1685806,1687980
1688071..1689105,+,344,15791081,1688071,1689105
1689152..1691161,+,669,15791082,1689152,1691161
1691265..1692389,+,374,15791083,1691265,1692389
1692434..1693111,+,225,15791084,1692434,1693111
1693173..1693340,-,55,15791085,1693173,1693340
1693780..1694013,+,77,15791086,1693780,1694013
1694075..1695448,+,457,15791087,1694075,1695448
1695463..1695795,-,110,15791088,1695463,1695795
1695860..1696384,-,174,15791089,1695860,1696384
1696383..1697351,+,322,15791090,1696383,1697351
1697360..1698343,-,327,15791091,1697360,1698343
1698333..1699142,+,269,15791092,1698333,1699142
1699204..1701993,+,929,15791093,1699204,1701993
1702009..1702398,-,129,15791094,1702009,1702398
1702444..1703100,-,218,15791095,1702444,1703100
1703613..1704062,+,149,15791096,1703613,1704062
1704069..1705499,+,476,15791097,1704069,1705499
1705499..1706755,+,418,15791098,1705499,1706755
1706814..1707440,+,208,15791099,1706814,1707440
1707437..1708912,+,491,15791100,1707437,1708912
1708941..1710236,-,431,15791101,1708941,1710236
1710444..1710833,-,129,15791102,1710444,1710833
1710976..1711704,+,242,15791103,1710976,1711704
1711756..1712346,+,196,15791104,1711756,1712346
1712375..1712872,-,165,15791105,1712375,1712872
1713014..1713502,+,162,15791106,1713014,1713502
1713499..1714152,-,217,15791107,1713499,1714152
1713943..1714563,+,206,16554514,1713943,1714563
1714614..1714823,+,69,15791108,1714614,1714823
1714837..1715721,+,294,15791109,1714837,1715721
1715785..1717809,+,674,15791110,1715785,1717809
1717821..1718060,-,79,15791111,1717821,1718060
1718107..1718790,-,227,15791112,1718107,1718790
1718884..1719567,+,227,15791113,1718884,1719567
1719630..1720811,+,393,15791114,1719630,1720811
1720826..1722199,-,457,15791115,1720826,1722199
1722306..1722596,+,96,15791116,1722306,1722596
1722596..1723111,+,171,15791117,1722596,1723111
1723198..1723794,+,198,15791118,1723198,1723794
1724502..1725077,-,191,15791119,1724502,1725077
1725128..1725775,-,215,15791120,1725128,1725775
1725842..1726606,-,254,15791121,1725842,1726606
1726551..1727159,+,202,15791122,1726551,1727159
1727159..1727857,+,232,15791123,1727159,1727857
1728729..1730762,+,677,15791124,1728729,1730762
1730838..1731404,-,188,15791125,1730838,1731404
1731824..1732804,+,326,15791126,1731824,1732804
1732811..1733473,+,220,15791127,1732811,1733473
1733850..1734221,+,123,15791128,1733850,1734221
1734261..1735598,+,445,15791129,1734261,1735598
1735647..1736165,+,172,15791130,1735647,1736165
1736162..1736689,+,175,15791131,1736162,1736689
1736746..1737936,+,396,15791132,1736746,1737936
1737938..1738678,+,246,15791133,1737938,1738678
1738675..1739391,+,238,161349972,1738675,1739391
1739430..1740857,+,475,15791135,1739430,1740857
1740866..1744771,-,1301,15791136,1740866,1744771
1744977..1745762,+,261,15791137,1744977,1745762
1745788..1746138,+,116,15791138,1745788,1746138
1746166..1750278,-,1370,15791139,1746166,1750278
1750278..1750697,-,139,15791140,1750278,1750697
1750823..1751614,+,263,15791141,1750823,1751614
1751629..1751850,-,73,15791142,1751629,1751850
1751873..1752277,-,134,15791143,1751873,1752277
1752286..1753623,-,445,15791144,1752286,1753623
1753620..1754711,-,363,15791145,1753620,1754711
1754712..1756292,-,526,15791146,1754712,1756292
1756297..1757388,-,363,15791147,1756297,1757388
1757520..1759496,-,658,15791148,1757520,1759496
1759702..1760559,+,285,15791149,1759702,1760559
1760552..1762282,+,576,15791150,1760552,1762282
1762507..1762836,+,109,15791151,1762507,1762836
1762885..1765239,+,784,15791152,1762885,1765239
1765447..1767408,+,653,15791153,1765447,1767408
1767435..1768415,+,326,15791154,1767435,1768415
1768417..1769577,+,386,15791155,1768417,1769577
1769595..1770602,+,335,16554515,1769595,1770602
1770599..1771921,+,440,15791157,1770599,1771921
1771918..1772466,-,182,15791158,1771918,1772466
1772642..1773556,+,304,15791159,1772642,1773556
1773582..1773830,-,82,15791160,1773582,1773830
1773915..1776266,+,783,15791161,1773915,1776266
1776263..1776760,+,165,297616199,1776263,1776760
1777089..1777673,+,194,15791163,1777089,1777673
1777719..1778402,+,227,15791164,1777719,1778402
1778408..1779871,-,487,15791165,1778408,1779871
1779843..1781027,-,394,16554516,1779843,1781027
1781166..1781561,+,131,15791167,1781166,1781561
1781563..1782360,-,265,15791168,1781563,1782360
1782357..1783271,-,304,15791169,1782357,1783271
1783339..1783593,-,84,15791170,1783339,1783593
1783654..1784313,-,219,15791171,1783654,1784313
1784408..1786180,+,590,15791172,1784408,1786180
1786190..1787185,-,331,15791173,1786190,1787185
1787185..1789599,-,804,15791174,1787185,1789599
1789808..1789984,+,58,15791175,1789808,1789984
1789985..1790326,-,113,15791176,1789985,1790326
1790325..1791011,+,228,15791177,1790325,1791011
1791684..1793753,-,689,15791178,1791684,1793753
1793801..1794433,-,210,15791179,1793801,1794433
1794527..1795408,-,293,15791180,1794527,1795408
1795504..1796277,+,257,15791181,1795504,1796277
1796340..1797398,+,352,15791182,1796340,1797398
1797395..1799215,+,606,15791183,1797395,1799215
1799212..1800243,+,343,15791184,1799212,1800243
1800247..1800969,-,240,15791185,1800247,1800969
1800999..1801430,+,143,15791186,1800999,1801430
1801477..1802088,+,203,15791187,1801477,1802088
1802096..1802881,-,261,15791188,1802096,1802881
1802881..1802985,-,34,15791189,1802881,1802985
1803013..1804554,-,513,15791190,1803013,1804554
1804702..1805370,-,222,15791191,1804702,1805370
1805370..1805693,-,107,15791192,1805370,1805693
1805775..1806443,-,222,15791193,1805775,1806443
1807230..1808786,+,518,15791194,1807230,1808786
1808793..1809071,-,92,15791195,1808793,1809071
1809086..1809604,-,172,15791196,1809086,1809604
1809646..1810137,+,163,15791197,1809646,1810137
1810134..1810406,+,90,15791198,1810134,1810406
1810411..1811130,-,239,15791199,1810411,1811130
1811590..1812768,+,392,15791200,1811590,1812768
1812830..1814005,+,391,15791201,1812830,1814005
1814015..1815178,-,387,15791202,1814015,1815178
1815268..1816473,+,401,15791203,1815268,1816473
1816543..1817838,+,431,15791204,1816543,1817838
1817907..1820945,+,1012,15791205,1817907,1820945
1820955..1821662,-,235,15791206,1820955,1821662
1821747..1823330,+,527,15791207,1821747,1823330
1823392..1823835,+,147,15791208,1823392,1823835
1824017..1825078,+,353,15791209,1824017,1825078
1825082..1826329,-,415,15791210,1825082,1826329
1826400..1826666,-,88,15791211,1826400,1826666
1826736..1827050,-,104,15791212,1826736,1827050
1827120..1827608,-,162,15791213,1827120,1827608
1827624..1829081,-,485,15791214,1827624,1829081
1829078..1830268,-,396,15791215,1829078,1830268
1830494..1830991,-,165,15791216,1830494,1830991
1831119..1831307,+,62,15791217,1831119,1831307
1831314..1833512,-,732,15791218,1831314,1833512
1833667..1833810,+,47,15791219,1833667,1833810
1833843..1834391,-,182,15791220,1833843,1834391
1834499..1835107,+,202,15791221,1834499,1835107
1835158..1835790,-,210,15791222,1835158,1835790
1835869..1836027,+,52,15791223,1835869,1836027
1836024..1837097,-,357,15791224,1836024,1837097
1837127..1838236,+,369,15791225,1837127,1838236
1838406..1838513,+,35,15791226,1838406,1838513
1838756..1839328,+,190,15791227,1838756,1839328
1839321..1839737,+,138,15791228,1839321,1839737
1839744..1840484,-,246,15791229,1839744,1840484
1840774..1841331,-,185,16554517,1840774,1841331
1841332..1841904,-,190,15791231,1841332,1841904
1841954..1843336,-,460,15791232,1841954,1843336
1843458..1843886,+,142,15791233,1843458,1843886
1843883..1845004,-,373,15791234,1843883,1845004
1845012..1845476,-,154,15791235,1845012,1845476
1845619..1846281,-,220,16554518,1845619,1846281
1846287..1846565,-,92,15791237,1846287,1846565
1846565..1846717,-,50,15791238,1846565,1846717
1846853..1847644,+,263,15791239,1846853,1847644
1847641..1847949,+,102,15791240,1847641,1847949
1848020..1849267,+,415,15791241,1848020,1849267
1849321..1849749,+,142,15791242,1849321,1849749
1849762..1850922,-,386,15791243,1849762,1850922
1850921..1852024,+,367,15791244,1850921,1852024
1852017..1853057,+,346,15791245,1852017,1853057
1853446..1855077,-,543,15791246,1853446,1855077
1855271..1855378,-,35,15791247,1855271,1855378
1855514..1856632,-,372,16554519,1855514,1856632
1856718..1857755,-,345,15791249,1856718,1857755
1857748..1859352,-,534,15791250,1857748,1859352
1859352..1860467,-,371,15791251,1859352,1860467
1860511..1861650,-,379,15791252,1860511,1861650
1861805..1862707,+,300,15791253,1861805,1862707
1862700..1863449,+,249,15791254,1862700,1863449
1864085..1864888,+,267,15791255,1864085,1864888
1864885..1865133,-,82,15791256,1864885,1865133
1865117..1865437,-,106,15791257,1865117,1865437
1865502..1865996,+,164,15791258,1865502,1865996
1866003..1866383,+,126,15791259,1866003,1866383
1866390..1867403,-,337,15791260,1866390,1867403
1867590..1868285,-,231,15791261,1867590,1868285
1868371..1869552,+,393,15791262,1868371,1869552
1869757..1871265,+,502,15791263,1869757,1871265
1871265..1872968,+,567,15791264,1871265,1872968
1872969..1874018,-,349,15791265,1872969,1874018
1874236..1874547,+,103,15791266,1874236,1874547
1881134..1881790,+,218,15791267,1881134,1881790
1881839..1882036,+,65,15791268,1881839,1882036
1882189..1882320,-,43,15791269,1882189,1882320
1882378..1883610,-,410,15791270,1882378,1883610
1883735..1885204,+,489,15791271,1883735,1885204
1885376..1885771,+,131,15791272,1885376,1885771
1886025..1886285,+,86,15791273,1886025,1886285
1886292..1887203,+,303,15791274,1886292,1887203
1887200..1888003,-,267,15791275,1887200,1888003
1888045..1889127,-,360,15791276,1888045,1889127
1889187..1889660,-,157,15791277,1889187,1889660
1889712..1890155,+,147,15791278,1889712,1890155
1890170..1890721,-,183,15791279,1890170,1890721
1890711..1891115,-,134,15791280,1890711,1891115
1891191..1891811,+,206,15791281,1891191,1891811
1891808..1892323,-,171,15791282,1891808,1892323
1892426..1895257,+,943,15791283,1892426,1895257
1895306..1897006,+,566,15791284,1895306,1897006
1897064..1898107,+,347,15791285,1897064,1898107
1898114..1899061,+,315,15791286,1898114,1899061
1899063..1899422,+,119,15791287,1899063,1899422
1899427..1900695,-,422,15791288,1899427,1900695
1900720..1901403,-,227,15791289,1900720,1901403
1901458..1902318,+,286,15791290,1901458,1902318
1902361..1902801,+,146,15791291,1902361,1902801
1902806..1903378,-,190,15791292,1902806,1903378
1903499..1905028,+,509,15791293,1903499,1905028
1905159..1906304,+,381,16554520,1905159,1906304
1906294..1906926,-,210,15791295,1906294,1906926
1906993..1907088,-,31,15791296,1906993,1907088
1907681..1908784,-,367,15791297,1907681,1908784
1908841..1911486,-,881,15791298,1908841,1911486
1911770..1912900,+,376,15791299,1911770,1912900
1912908..1914029,+,373,15791300,1912908,1914029
1914032..1914853,+,273,15791301,1914032,1914853
1915106..1916023,+,305,15791302,1915106,1916023
1916020..1916601,-,193,15791303,1916020,1916601
1916695..1917273,+,192,15791304,1916695,1917273
1917494..1917904,-,136,15791305,1917494,1917904
1918048..1918968,-,306,15791306,1918048,1918968
1918972..1920051,-,359,15791307,1918972,1920051
1920058..1921212,-,384,15791308,1920058,1921212
1921302..1922165,-,287,15791309,1921302,1922165
1922429..1923976,+,515,15791310,1922429,1923976
1924311..1926428,+,705,15791311,1924311,1926428
1926895..1927356,-,153,15791312,1926895,1927356
1927515..1928057,+,180,15791313,1927515,1928057
1928058..1928555,-,165,15791314,1928058,1928555
1928690..1930267,+,525,15791315,1928690,1930267
1930439..1932424,+,661,15791316,1930439,1932424
1932464..1933003,+,179,15791317,1932464,1933003
1933026..1933385,+,119,15791318,1933026,1933385
1933410..1933832,+,140,15791319,1933410,1933832
1933811..1934248,-,145,15791320,1933811,1934248
1934329..1934907,+,192,15791321,1934329,1934907
1935013..1935207,+,64,15791322,1935013,1935207
1935261..1935623,+,120,15791323,1935261,1935623
1935688..1935981,-,97,15791324,1935688,1935981
1936134..1936334,+,66,15791325,1936134,1936334
1936344..1937105,-,253,15791326,1936344,1937105
1937298..1937918,-,206,15791327,1937298,1937918
1938030..1938773,+,247,15791328,1938030,1938773
1939254..1940129,+,291,15791329,1939254,1940129
1940155..1940475,+,106,15791330,1940155,1940475
1940522..1941505,-,327,15791331,1940522,1941505
1941587..1941940,+,117,15791332,1941587,1941940
1942002..1942289,-,95,15791333,1942002,1942289
1942282..1942740,-,152,15791334,1942282,1942740
1942737..1943348,-,203,15791335,1942737,1943348
1943386..1943547,-,53,15791336,1943386,1943547
1943660..1943929,+,89,15791337,1943660,1943929
1944035..1945891,+,618,15791338,1944035,1945891
1945888..1946232,-,114,15791339,1945888,1946232
1946319..1947251,+,310,16554521,1946319,1947251
1947251..1948588,+,445,15791341,1947251,1948588
1948559..1949227,-,222,15791342,1948559,1949227
1949316..1950188,-,290,15791343,1949316,1950188
1950221..1950610,-,129,16554522,1950221,1950610
1950650..1951171,+,173,15791344,1950650,1951171
1951188..1952477,-,429,15791345,1951188,1952477
1952690..1954522,-,610,15791346,1952690,1954522
1954525..1954824,-,99,15791347,1954525,1954824
1954955..1955227,+,90,15791348,1954955,1955227
1955274..1957133,-,619,15791349,1955274,1957133
1957549..1959057,+,502,15791350,1957549,1959057
1959213..1960256,+,347,15791351,1959213,1960256
1960353..1960535,+,60,15791352,1960353,1960535
1960727..1962556,+,609,15791353,1960727,1962556
1962562..1963569,+,335,15791354,1962562,1963569
1963879..1964535,+,218,15791355,1963879,1964535
1964484..1965641,-,385,15791356,1964484,1965641
1965732..1965824,+,30,15791357,1965732,1965824
1965903..1967318,+,471,15791358,1965903,1967318
1967327..1967698,-,123,15791359,1967327,1967698
1967776..1968756,-,326,15791360,1967776,1968756
1968823..1969428,-,201,15791361,1968823,1969428
1969542..1970282,+,246,15791362,1969542,1970282
1970298..1970495,-,65,15791363,1970298,1970495
1970550..1971122,-,190,15791364,1970550,1971122
1971212..1974160,+,982,15791365,1971212,1974160
1974232..1975149,+,305,15791366,1974232,1975149
1975213..1976295,+,360,15791367,1975213,1976295
1976303..1977676,-,457,15791368,1976303,1977676
1977745..1978779,-,344,15791369,1977745,1978779
1978824..1979123,-,99,15791370,1978824,1979123
1979205..1980146,+,313,15791371,1979205,1980146
1980191..1980583,+,130,15791372,1980191,1980583
1980692..1981048,-,118,15791373,1980692,1981048
1981201..1981929,+,242,16554523,1981201,1981929
1981952..1982431,-,159,15791374,1981952,1982431
1982514..1982789,+,91,15791375,1982514,1982789
1982832..1984121,+,429,15791376,1982832,1984121
1984401..1984709,-,102,15791377,1984401,1984709
1984713..1985978,-,421,15791378,1984713,1985978
1986133..1987086,-,317,15791379,1986133,1987086
1987884..1989215,-,443,15791380,1987884,1989215
1989233..1989631,+,132,15791381,1989233,1989631
1989693..1991879,-,728,16554524,1989693,1991879
1992072..1992836,+,254,15791383,1992072,1992836
1992911..1993543,-,210,15791384,1992911,1993543
1993547..1993975,-,142,15791385,1993547,1993975
1994139..1994558,-,139,15791386,1994139,1994558
1994558..1995751,-,397,15791387,1994558,1995751
1995744..1998659,-,971,16554525,1995744,1998659
1998659..2000485,-,608,15791389,1998659,2000485
2000487..2002058,-,523,15791390,2000487,2002058
2002059..2002286,-,75,15791391,2002059,2002286
2002626..2003546,-,306,15791392,2002626,2003546
2006199..2006309,-,36,15791393,2006199,2006309
2006446..2006856,-,136,15791394,2006446,2006856
2006920..2007438,-,172,15791395,2006920,2007438
2007840..2009699,+,619,15791396,2007840,2009699
2009709..2011541,-,610,15791397,2009709,2011541
2011729..2014239,+,836,15791398,2011729,2014239
